CEP,Position,Title,Link,Place ID,Address,City,State,Phone,Current Opening Hours,Rating,Reviews,Latitude,Longitude,Per Day Opening Hours
01001000,1,Restaurante e Leiteria Regina,,ChIJfTlZKatZzpQRICvIPwnszTQ,"Largo da Misericórdia, 106 - Centro Histórico de São Paulo, São Paulo - SP, 01012-020",São Paulo,SP,+55 11 3105-7767,Aberto ⋅ Fecha sex. às 05:00,4.4,1045,-23.5484845,-46.6344782,quinta-feira: 06:00–05:00; sexta-feira: 06:00–05:00; sábado: 06:00–00:00; domingo: Atendimento 24 horas; segunda-feira: 06:00–17:00; terça-feira: 06:00–05:00; quarta-feira: 06:00–05:00
01001000,4,Restaurante Bom Gosto,,ChIJ8XrTtFVYzpQRDJU8eGeZlOA,"R. São Bento, 525 - Centro Histórico de São Paulo, São Paulo - SP, 01011-100",São Paulo,SP,+55 11 97675-1632,Aberto ⋅ Fecha às 23:00,4.5,1080,-23.5447211,-46.6344326,quinta-feira: 07:00–23:00; sexta-feira: 07:00–23:00; sábado: 08:00–16:00; domingo: Fechado; segunda-feira: 07:00–22:00; terça-feira: 07:00–22:00; quarta-feira: 07:00–22:00
01001000,5,Maria Lisboa e Restaurante,,ChIJrS4cT6tZzpQRvwiAl9esoOo,"Rua Senador Paulo Egídio, 21 - Sé, São Paulo - SP, 01003-000",São Paulo,SP,+55 11 3106-0724,Aberto ⋅ Fecha às 23:00,4,1,-23.549199599999998,-46.6358512,quinta-feira: 11:00–23:00; sexta-feira: 11:00–23:00; sábado: Fechado; domingo: Fechado; segunda-feira: 11:00–23:00; terça-feira: 11:00–23:00; quarta-feira: 11:00–23:00
01001000,6,Restaurante Champion,,ChIJ-eAaCqlZzpQRJ1oR30DRji8,"R. da Glória, 118 - Liberdade, São Paulo - SP, 01510-001",São Paulo,SP,+55 11 3106-0065,Aberto ⋅ Fecha às 23:00,4.3,314,-23.5542789,-46.6344101,quinta-feira: 11:00–23:00; sexta-feira: 11:00–23:00; sábado: 11:00–21:00; domingo: 11:00–23:00; segunda-feira: 11:00–21:00; terça-feira: 11:00–23:00; quarta-feira: 11:00–23:00
01001000,7,Bar e Restaurante O Sucesso,,ChIJFTVxz6dZzpQRjc-6f6ihCmU,"Rua Barão de Iguape, 319 / 325 - Liberdade, São Paulo - SP, 01507-000",São Paulo,SP,+55 11 3341-1705,Aberto ⋅ Fecha à 00:00,4.2,515,-23.5584036,-46.634257399999996,quinta-feira: 05:00–00:00; sexta-feira: 05:00–00:00; sábado: 05:00–00:00; domingo: 05:00–00:00; segunda-feira: 05:00–00:00; terça-feira: 05:00–00:00; quarta-feira: 05:00–00:00
01001000,8,Restaurante Cheiro Verde,,ChIJlc4FFABZzpQRePy27jb8uC4,"R. São Nicolau, 20 - Centro Histórico de São Paulo, São Paulo - SP, 01015-030",São Paulo,SP,+55 11 98340-8885,Fecha em breve ⋅ 22:00 ⋅ Abre sex. às 10:00,4.5,25,-23.5476688,-46.6315935,quinta-feira: 10:00–22:00; sexta-feira: 10:00–22:00; sábado: 10:00–22:00; domingo: Fechado; segunda-feira: 10:00–22:00; terça-feira: 10:00–22:00; quarta-feira: 10:00–22:00
01001000,9,Restaurante Cirdys,,ChIJfURodiFZzpQR3NLlv3ITJvA,"Sé, São Paulo - SP, 01001-010",São Paulo,SP,+55 12 3132-4370,Fechado ⋅ Abre sex. às 11:00,4.5,2,-23.5514458,-46.6336307,quinta-feira: 11:00–15:00; sexta-feira: 11:00–15:00; sábado: 11:00–15:00; domingo: Fechado; segunda-feira: 11:00–15:00; terça-feira: 11:00–15:00; quarta-feira: 11:00–15:00
01001000,10,Restaurante Pirandello,https://www.instagram.com/sao_jorge_pirandelo/,ChIJw-yUhlRYzpQRumW8Rv7QDcU,"R. Líbero Badaró, 332 - Centro Histórico de São Paulo, São Paulo - SP, 01008-000",São Paulo,SP,+55 11 3105-8218,Fecha em breve ⋅ 22:00 ⋅ Abre sex. às 06:00,4.4,507,-23.5467464,-46.636310699999996,quinta-feira: 06:00–22:00; sexta-feira: 06:00–22:00; sábado: Fechado; domingo: Fechado; segunda-feira: 06:00–22:00; terça-feira: 06:00–22:00; quarta-feira: 06:00–22:00
01001000,11,Planeta's Restaurante,http://www.planetas-sp.com.br/,ChIJ9WTlBUxYzpQRSkWsgDWJtzQ,"Rua Martinho Prado, 212 - Bela Vista, São Paulo - SP, 01306-040",São Paulo,SP,+55 11 3256-5330,Aberto ⋅ Fecha às 23:00,4.6,2340,-23.5500416,-46.6459797,quinta-feira: 12:00–23:00; sexta-feira: 12:00–00:30; sábado: 12:00–00:30; domingo: 12:00–23:30; segunda-feira: 12:00–23:00; terça-feira: 12:00–23:00; quarta-feira: 12:00–23:00
01001000,12,Restaurante Grill João Mendes.,https://cardapio.menu/restaurants/sao-paulo/grill-joao-mendes,ChIJ-6RVz6tZzpQRA9HKHlouPxw,"Praça Dr. João Mendes, 158 - Centro Histórico de São Paulo, São Paulo - SP, 01501-000",São Paulo,SP,+55 11 3105-7942,Fechado ⋅ Abre sex. às 11:00,4.2,585,-23.5524235,-46.634861,quinta-feira: 11:00–15:30; sexta-feira: 11:00–15:30; sábado: Fechado; domingo: Fechado; segunda-feira: 11:00–15:30; terça-feira: 11:00–15:30; quarta-feira: 11:00–15:30
01001000,13,Restaurante Neves,,ChIJIXDzCqtZzpQRTQdy0Y21U1Q,"R. Quintino Bocaiúva, 247 - Sé, São Paulo - SP, 01004-010",São Paulo,SP,+55 11 3101-0219,Fechado ⋅ Abre sex. às 10:30,4.3,249,-23.5508883,-46.6352945,quinta-feira: 10:30–15:00; sexta-feira: 10:30–15:00; sábado: Fechado; domingo: Fechado; segunda-feira: 10:30–15:00; terça-feira: 10:30–15:00; quarta-feira: 10:30–15:00
01001000,14,Restaurante Nova Municipal,,ChIJi8tDOlJYzpQRVD3Zi62UgWU,"R. Conselheiro Crispiniano, 108-120 - República, São Paulo - SP, 01037-000",São Paulo,SP,+55 11 3159-0753,Aberto 24 horas,4.7,18,-23.5461641,-46.6399854,quinta-feira: Atendimento 24 horas; sexta-feira: Atendimento 24 horas; sábado: Atendimento 24 horas; domingo: Atendimento 24 horas; segunda-feira: Atendimento 24 horas; terça-feira: Atendimento 24 horas; quarta-feira: Atendimento 24 horas
01001000,15,Bar e Restaurante da Cidade Xangô,https://lanchonete-e-restaurante-da-cidade.negocio.site/,ChIJUU_gIE9YzpQRRAEzOQ5ZerM,"Rua Gen. Jardim - República, São Paulo - SP, 01223-010",São Paulo,SP,+55 11 3151-2070,Aberto ⋅ Fecha às 23:00,4.3,924,-23.5445884,-46.6453327,quinta-feira: 07:00–23:00; sexta-feira: 07:00–23:00; sábado: 07:00–23:00; domingo: Fechado; segunda-feira: 07:00–23:00; terça-feira: 07:00–23:00; quarta-feira: 07:00–23:00
01001000,16,Restaurante Bentô House,,ChIJizF6H6lZzpQRC5iXDrwRkso,"Praça da Liberdade, 266 - Liberdade, São Paulo - SP, 01503-010",São Paulo,SP,+55 11 3209-0726,Fecha em breve ⋅ 22:00 ⋅ Abre sex. às 11:30,4.4,2638,-23.5556207,-46.6355314,quinta-feira: 11:30–22:00; sexta-feira: 11:30–22:00; sábado: 11:30–22:00; domingo: 11:30–22:00; segunda-feira: 11:30–22:00; terça-feira: 11:30–22:00; quarta-feira: 11:30–22:00
01001000,17,Helena Restaurante,,ChIJp_mWnatZzpQRADHd38qEuC8,"R. Riachuelo, 59 - Centro Histórico de São Paulo, São Paulo - SP, 01007-000",São Paulo,SP,+55 11 3107-5923,Fechado ⋅ Abre sex. às 11:00,4.5,105,-23.5511548,-46.635951399999996,quinta-feira: 11:00–15:00; sexta-feira: 11:00–15:00; sábado: Fechado; domingo: Fechado; segunda-feira: 11:00–15:00; terça-feira: 11:00–15:00; quarta-feira: 11:00–15:00
01001000,18,Jamile Restaurante,http://jamilerestaurante.com.br/jamile/#post-13,ChIJT7RhLbFZzpQRMzYbOGs6jH0,"R. Treze de Maio, 647 - Bela Vista, São Paulo - SP, 01327-000",São Paulo,SP,+55 11 2985-3005,Aberto ⋅ Fecha às 23:00,4.6,2874,-23.5588356,-46.6462638,quinta-feira: 12:00–15:00; quinta-feira: 19:00–23:00; sexta-feira: 12:00–15:00; sexta-feira: 19:00–00:00; sábado: 12:00–16:00; sábado: 19:00–00:00; domingo: 12:00–17:00; segunda-feira: 12:00–15:00; segunda-feira: 19:00–22:00; terça-feira: 12:00–15:00; terça-feira: 19:00–22:00; quarta-feira: 12:00–15:00; quarta-feira: 19:00–23:00
01001000,19,Lanchonete e Restaurante Kero Mais 2,,ChIJD7Gh2AtZzpQRkhQxPSdYEG8,"Rua Direita 11,Quadra 11,lote 53,Centro,Cavalcante Gos - Se",São Paulo,SP,+55 62 3494-1407,Aberto ⋅ Fecha às 23:00,,,-23.5484391,-46.6348972,quinta-feira: 11:00–23:00; sexta-feira: 11:00–23:00; sábado: 11:00–23:00; domingo: Fechado; segunda-feira: 11:00–23:00; terça-feira: 11:00–23:00; quarta-feira: 11:00–23:00
01001000,20,Quintino's Restaurante,,ChIJJcYLoKtZzpQRjCa161i6nNM,"R. Quintino Bocaiúva, 262 - Sé, São Paulo - SP, 01004-010",São Paulo,SP,+55 11 3107-5551,Fechado ⋅ Abre sex. às 11:00,4.3,68,-23.550935499999998,-46.6355042,quinta-feira: 11:00–15:30; sexta-feira: 11:00–15:30; sábado: Fechado; domingo: Fechado; segunda-feira: 11:00–15:30; terça-feira: 11:00–15:30; quarta-feira: 11:00–15:30
01001000,3,Casarão Restaurante,,ChIJxRFdY6tZzpQRtGQhcDp7wpU,"R. Riachuelo, 134 - Sé, São Paulo - SP, 01007-000",São Paulo,SP,+55 11 3106-0704,Fecha em breve ⋅ 22:00 ⋅ Abre sex. à 00:00,4.2,189,-23.5506213,-46.6364914,quinta-feira: 07:00–22:00; sexta-feira: Atendimento 24 horas; sábado: 08:30–17:00; domingo: Fechado; segunda-feira: 07:00–22:00; terça-feira: 07:00–22:00; quarta-feira: 07:00–22:00
01001000,2,Restaurante Metropolitanus,,ChIJderGR6pZzpQRNb3cV939bOM,"R. Filipe de Oliveira, 32 - Sé, São Paulo - SP, 01001-010",São Paulo,SP,+55 11 3115-5142,Fechado ⋅ Abre sex. às 05:30,4.1,31,-23.551389099999998,-46.6337543,quinta-feira: 05:30–20:00; sexta-feira: 05:30–20:00; sábado: 06:00–17:00; domingo: Fechado; segunda-feira: 05:30–20:00; terça-feira: 05:30–20:00; quarta-feira: 05:30–20:00
01001000,1,Restaurante Porque Sim,https://www.instagram.com/restauranteporquesim/,ChIJh-Aho6hZzpQRrjYN_2is5ek,"R. Thomaz Gonzaga, 75 - Liberdade, São Paulo - SP, 01506-020",São Paulo,SP,+55 11 3277-1557,Fecha em breve ⋅ 22:30 ⋅ Abre sex. às 11:30,4.7,6062,-23.5575723,-46.635720299999996,quinta-feira: 11:30–15:00; quinta-feira: 18:00–22:30; sexta-feira: 11:30–15:00; sexta-feira: 18:00–22:30; sábado: 11:30–15:00; sábado: 18:00–22:30; domingo: 11:30–15:00; domingo: 18:00–21:30; segunda-feira: 11:30–15:00; segunda-feira: 18:00–22:30; terça-feira: 11:30–15:00; terça-feira: 18:00–22:30; quarta-feira: Fechado
01001000,5,Restaurante Glória 95,https://instagram.com/restaurantegloria95?igshid=MzRlODBiNWFlZA==,ChIJbajxn6lZzpQRv4rrlBfWVos,"R. da Glória, 95 - Liberdade, São Paulo - SP, 01510-001",São Paulo,SP,+55 11 3101-3735,Fechado ⋅ Abre sex. às 11:00,4.5,147,-23.5540239,-46.634139,quinta-feira: 11:00–15:30; sexta-feira: 11:00–15:30; sábado: Fechado; domingo: Fechado; segunda-feira: 11:00–15:30; terça-feira: 11:00–15:30; quarta-feira: 11:00–15:30
01001000,7,Restaurante Quinzão da Sé,,ChIJU8FWvRpZzpQRPGUn5pUWIzM,"GALERIA DA, Praça da Sé, 32 - Sé, São Paulo - SP, 01001-001",São Paulo,SP,,Fechado ⋅ Abre sex. às 11:00,5,1,-23.549230899999998,-46.6338377,quinta-feira: 11:00–16:00; sexta-feira: 11:00–16:00; sábado: 11:00–16:00; domingo: Fechado; segunda-feira: 11:00–16:00; terça-feira: 11:00–16:00; quarta-feira: 11:00–16:00
01001000,3,Lago Verde Restaurante,,ChIJLQL6TatZzpQR7Jy2AWkE-4I,"R. José Bonifácio, 191 - Centro Histórico de São Paulo, São Paulo - SP, 01003-000",São Paulo,SP,+55 11 3105-4570,Fechado ⋅ Abre sex. às 08:00,4.6,205,-23.549025,-46.6361236,quinta-feira: 08:00–20:00; sexta-feira: 08:00–20:00; sábado: 08:00–20:00; domingo: Fechado; segunda-feira: 08:00–20:00; terça-feira: 08:00–20:00; quarta-feira: 08:00–20:00
01001000,9,Bar da Dona Onça,http://www.bardadonaonca.com.br/,ChIJEyOtjU5YzpQRJi-Cf-QbjYU,"Edifício Copan - Av. Ipiranga, 200 - 27 e 29 - Centro Histórico de São Paulo, São Paulo - SP, 01046-925",São Paulo,SP,+55 11 3257-2016,Fecha em breve ⋅ 23:00 ⋅ Abre sex. às 12:00,4.4,7560,-23.5465084,-46.644531699999995,quinta-feira: 12:00–23:00; sexta-feira: 12:00–23:00; sábado: 12:00–23:00; domingo: 12:00–17:00; segunda-feira: 12:00–23:00; terça-feira: 12:00–23:00; quarta-feira: 12:00–23:00
01001000,10,RESTAURANTE REI DOS REIS LTDA,https://sites.google.com/view/restaurante-rei-dos-reis/p%C3%A1gina-inicial?authuser=0,ChIJ2_-0v8ZZzpQRf6dw8e-6ZW4,"Praça Carlos Gomes, 178 - Liberdade, São Paulo - SP, 01501-040",São Paulo,SP,+55 11 3115-4676,Fechado ⋅ Abre sex. às 11:00,4.4,773,-23.553926,-46.6358014,quinta-feira: 11:00–16:30; quinta-feira: 18:00–21:00; sexta-feira: 11:00–16:30; sexta-feira: 18:00–21:00; sábado: 11:00–21:00; domingo: 11:00–21:00; segunda-feira: 11:00–16:30; segunda-feira: 18:00–21:00; terça-feira: 11:00–16:30; terça-feira: 18:00–21:00; quarta-feira: 11:00–16:30; quarta-feira: 18:00–21:00
01001000,11,Churrascaria A Saloia,,ChIJ81ZZn1lYzpQR5mVG-dtZXo8,"Av. Cásper Líbero, 526 - Luz, São Paulo - SP, 01033-000",São Paulo,SP,+55 11 3227-8202,Fecha em breve ⋅ 23:00 ⋅ Abre sex. às 06:00,4.3,638,-23.5369656,-46.6354523,quinta-feira: 06:00–23:00; sexta-feira: 06:00–23:00; sábado: 06:00–23:00; domingo: Fechado; segunda-feira: 06:00–23:00; terça-feira: 06:00–23:00; quarta-feira: 06:00–23:00
01001000,12,Restaurante Pamplona,https://www.ifood.com.br/delivery/sao-paulo-sp/restaurante-pamplona-jardim-paulista/10835e27-bb1a-4db4-99ba-03f417c9a957,ChIJHTYMMshZzpQR_w6yrhgLZLo,"R. Pamplona, 315 - Jardim Paulista, São Paulo - SP, 01405-000",São Paulo,SP,+55 11 98962-6996,Fecha em breve ⋅ 23:00 ⋅ Abre sex. às 06:00,4.2,543,-23.5616927,-46.651826,quinta-feira: 06:00–23:00; sexta-feira: 06:00–23:00; sábado: 06:00–20:00; domingo: Fechado; segunda-feira: 06:00–23:00; terça-feira: 06:00–23:00; quarta-feira: 06:00–23:00
01001000,13,Bar e Restaurante Nova Casa,,ChIJ3fvdA05ZzpQRVT1LkaOO9tw,"R. Maria Paula, 50 - Bela Vista, São Paulo - SP, 01319-000",São Paulo,SP,+55 11 3107-3032,Fechado ⋅ Abre sex. às 09:00,4.6,18,-23.5522138,-46.6381233,quinta-feira: 09:00–21:00; sexta-feira: 09:00–21:00; sábado: 06:00–16:00; domingo: Fechado; segunda-feira: 09:00–21:00; terça-feira: 09:00–21:00; quarta-feira: 09:00–21:00
01001000,2,Restaurante dona,,ChIJ56iJSJdZzpQRd0rstAxh6EQ,"R. Dr. Bitencourt Rodrigues, 155 - Centro Histórico de São Paulo, São Paulo - SP, 01017-010",São Paulo,SP,,,,,-23.548620099999997,-46.631560099999994,
01001000,15,Restaurante Ariaque,,ChIJXT8OZqlZzpQRCkZI0a4Pl5g,"Av. da Liberdade, 98 - Liberdade, São Paulo - SP, 01502-000",São Paulo,SP,,,,,-23.5537438,-46.6353644,
01001000,4,Restaurante La Friulana,,ChIJh1etle1ZzpQRUPYn7VAbuCc,"R. Maria Paula, 98 - Bela Vista, São Paulo - SP, 01319-001",São Paulo,SP,+55 11 3101-1646,,4.7,18,-23.5520073,-46.6385838,
01001000,17,Restaurante Chi Fu,,ChIJE4LPXKlZzpQRWaPXypCAzBw,"Praça Carlos Gomes, 200 - Liberdade, São Paulo - SP, 01501-040",São Paulo,SP,+55 11 3101-8888,Fechado ⋅ Abre sex. às 11:00,4.4,3548,-23.5543647,-46.6357681,quinta-feira: 11:00–15:30; quinta-feira: 17:30–21:00; sexta-feira: 11:00–15:30; sexta-feira: 17:30–21:00; sábado: 11:00–21:00; domingo: 11:00–21:00; segunda-feira: 11:00–15:30; segunda-feira: 17:30–21:00; terça-feira: 11:00–15:30; terça-feira: 17:30–21:00; quarta-feira: 11:00–15:30; quarta-feira: 17:30–21:00
01001000,8,restaurante Bonjardim,https://www.bonjardim.com.br/,ChIJi3dMqKRZzpQRuQE0F5VZroo,"R. Maestro Cardim, 407 - Bela Vista, São Paulo - SP, 01323-000",São Paulo,SP,+55 32621983,Fecha em breve ⋅ 23:00 ⋅ Abre sex. às 06:30,4,43,-23.5648555,-46.6412018,quinta-feira: 06:30–23:00; sexta-feira: 06:30–23:00; sábado: 06:30–23:00; domingo: 06:30–23:00; segunda-feira: 06:30–23:00; terça-feira: 06:30–23:00; quarta-feira: 06:30–23:00
01001000,19,Cana Brava - Restaurante,https://www.instagram.com/canabravaoficial15/,ChIJUwjjsZFZzpQR1IbtnZhT1CM,"R. Augusta, 15 - Consolação, São Paulo - SP, 01313-000",São Paulo,SP,+55 11 2574-0805,Aberto ⋅ Fecha à 01:00,4.5,186,-23.5501249,-46.6463697,quinta-feira: 06:00–01:00; sexta-feira: 06:00–01:00; sábado: 06:00–01:00; domingo: 09:00–18:00; segunda-feira: 06:00–01:00; terça-feira: 06:00–01:00; quarta-feira: 06:00–01:00
01001000,20,Artes Restaurante,https://www.instagram.com/artes.restaurante/,ChIJp2NBGlVYzpQRrnbpqVj4e4g,"R. Três de Dezembro, 43 - Centro Histórico de São Paulo, São Paulo - SP, 01014-020",São Paulo,SP,+55 11 3104-3903,Fechado ⋅ Abre sex. às 11:00,4.5,117,-23.5463456,-46.6338179,quinta-feira: 11:00–15:00; sexta-feira: 11:00–15:00; sábado: Fechado; domingo: Fechado; segunda-feira: 11:00–15:00; terça-feira: 11:00–15:00; quarta-feira: 11:00–15:00
01001000,18,Restaurante Cadoro - Ca’d’Oro São Paulo,http://www.cadoro.com.br/restaurante/,ChIJKWRBcUtYzpQRGQ7IgYH84rE,"R. Augusta, 129 - Consolação, São Paulo - SP, 01305-900",São Paulo,SP,+55 11 3236-4300,Fecha em breve ⋅ 22:30 ⋅ Abre sex. às 12:00,4.5,53,-23.550559399999997,-46.6477006,quinta-feira: 12:00–15:30; quinta-feira: 19:00–22:30; sexta-feira: 12:00–15:30; sexta-feira: 19:00–22:30; sábado: 12:00–15:30; sábado: 19:00–22:30; domingo: 12:00–15:30; domingo: 19:00–22:30; segunda-feira: 12:00–15:30; segunda-feira: 19:00–22:30; terça-feira: 12:00–15:30; terça-feira: 19:00–22:30; quarta-feira: 12:00–15:30; quarta-feira: 19:00–22:30
01001000,16,Planaltinho Restaurante,,ChIJgcdaAnRZzpQRoMqqYsoaO-A,"R. Venceslau Brás, 196 - Centro Histórico de São Paulo, São Paulo - SP, 01016-000",São Paulo,SP,+55 11 3106-1417,Fechado ⋅ Abre sex. às 07:00,4.2,51,-23.5493715,-46.6312566,quinta-feira: 07:00–16:00; sexta-feira: 07:00–16:00; sábado: 08:00–16:00; domingo: Fechado; segunda-feira: 07:00–16:00; terça-feira: 07:00–16:00; quarta-feira: 07:00–16:00
01001000,14,Angelo's Place Restaurante,,ChIJbw6O2KpZzpQRinG8254M_9I,"R. Direita, 65 - 1º Andar - Sé, São Paulo - SP, 01002-001",São Paulo,SP,+55 11 3241-1861,Fechado ⋅ Abre sex. às 11:00,4.5,237,-23.548904,-46.634279,quinta-feira: 11:00–15:30; sexta-feira: 11:00–15:30; sábado: Fechado; domingo: Fechado; segunda-feira: 11:00–15:30; terça-feira: 11:00–15:30; quarta-feira: 11:00–15:30
01001000,1,Sushi Lika,https://www.facebook.com/pages/Sushi-Lika/196153150413474,ChIJu5kz-r9kzpQR8eHthm8zr8E,"R. dos Estudantes, 152 - Liberdade, São Paulo - SP, 08142-700",São Paulo,SP,+55 11 3207-7435,Fecha em breve ⋅ 22:30 ⋅ Abre sex. às 11:30,4.6,1225,-23.555574999999997,-46.633751,quinta-feira: 11:30–14:30; quinta-feira: 18:30–22:30; sexta-feira: 11:30–14:30; sexta-feira: 18:30–22:30; sábado: 12:00–15:00; sábado: 18:30–23:00; domingo: Fechado; segunda-feira: 11:30–14:30; segunda-feira: 18:30–22:30; terça-feira: 11:30–14:30; terça-feira: 18:30–22:30; quarta-feira: 11:30–14:30; quarta-feira: 18:30–22:30
01001000,2,Restaurante Villares Grill,,ChIJp14KSNZZzpQRGr2tQWm0SQ0,"Praça Dr. João Mendes, 68 - Centro Histórico de São Paulo, São Paulo - SP, 01501-000",São Paulo,SP,+55 11 3105-5350,Fechado ⋅ Abre sex. às 11:00,,,-23.5517964,-46.6356742,quinta-feira: 11:00–15:30; sexta-feira: 11:00–15:30; sábado: 11:00–15:30; domingo: Fechado; segunda-feira: 11:00–15:30; terça-feira: 11:00–15:30; quarta-feira: 11:00–15:30
01001000,7,Janoca Restaurante,,ChIJrc5a-0dZzpQRuNQxZBJBTrQ,"Av. Rangel Pestana, 257 - Brás, São Paulo - SP, 01017-000",São Paulo,SP,+55 11 95335-6487,Fechado ⋅ Abre sex. às 07:00,3.7,6,-23.5497099,-46.6310913,quinta-feira: 07:00–16:00; sexta-feira: 07:00–16:00; sábado: Fechado; domingo: Fechado; segunda-feira: 07:00–16:00; terça-feira: 07:00–16:00; quarta-feira: 07:00–16:00
01001000,4,Bar e Restaurante da Praça,,ChIJIXdOAABZzpQRL2eWnFAhXaU,"Praça Fernando Costa, 14 - Se, São Paulo - SP, 01015-020",São Paulo,SP,,,4.3,7,-23.5473699,-46.631792999999995,
01001000,5,Restaurante Bancário,,ChIJzye4xVRYzpQRpdSNe4Xu8RM,"R. da Quitanda, 92 - Centro Histórico de São Paulo, São Paulo - SP, 01012-010",São Paulo,SP,+55 11 3101-3449,Fechado ⋅ Abre sex. às 11:30,4.1,966,-23.5476112,-46.635121999999996,quinta-feira: 11:30–16:00; sexta-feira: 11:30–16:00; sábado: Fechado; domingo: Fechado; segunda-feira: 11:30–16:00; terça-feira: 11:30–16:00; quarta-feira: 11:30–16:00
01001000,9,Nova Opção Grill,https://novaopcaogrill.com.br/,ChIJkRAGGlVYzpQRn_VryfSPdsU,"R. Três de Dezembro, 50 - Centro Histórico de São Paulo, São Paulo - SP, 01010-001",São Paulo,SP,+55 11 3107-1210,Fechado ⋅ Abre sex. às 11:00,4.5,720,-23.5466537,-46.6337318,quinta-feira: 11:00–15:30; sexta-feira: 11:00–15:30; sábado: Fechado; domingo: Fechado; segunda-feira: 11:00–15:30; terça-feira: 11:00–15:30; quarta-feira: 11:00–15:30
01001000,10,Restaurante Expresso São Paulo,https://www.instagram.com/expressosaopaulo/,ChIJU5UUx1RYzpQRWUs6_yqQFGc,"R. da Quitanda, 123 - Centro Histórico de São Paulo, São Paulo - SP, 01012-010",São Paulo,SP,+55 11 99487-8931,Fechado ⋅ Abre sex. às 11:00,4.4,791,-23.5477846,-46.6355018,quinta-feira: 11:00–16:30; sexta-feira: 11:00–23:30; sábado: Fechado; domingo: Fechado; segunda-feira: 11:00–16:30; terça-feira: 11:00–16:30; quarta-feira: 11:00–16:30
01001000,11,Restaurante Sato,http://vejasp.abril.com.br/estabelecimento/restaurante-sato,ChIJ5UVlnahZzpQRHKcRf9-rMBg,"R. Galvão Bueno, 268 - Liberdade, São Paulo - SP, 01506-000",São Paulo,SP,+55 11 3208-8504,Fechado ⋅ Abre sex. às 11:00,4.4,340,-23.5579546,-46.6351808,quinta-feira: 11:00–15:30; sexta-feira: 11:00–15:30; sábado: 11:00–15:30; domingo: Fechado; segunda-feira: 11:00–15:30; terça-feira: 11:00–15:30; quarta-feira: 11:00–15:30
01001000,13,榕城酒店 Figueirinha Restaurante,https://www.instagram.com/figueirinharestaurante/,ChIJ9508tz5ZzpQRbJCk8zdahfg,"R. da Glória, 152 - loja 160 - Liberdade, São Paulo - SP, 01510-000",São Paulo,SP,+55 11 91231-2399,Fechado ⋅ Abre sex. às 10:00,4.2,250,-23.5546439,-46.6345315,quinta-feira: 10:00–21:00; sexta-feira: 10:00–21:00; sábado: 08:30–15:00; sábado: 17:00–21:00; domingo: 08:30–15:00; domingo: 17:00–21:00; segunda-feira: 10:00–21:00; terça-feira: 10:00–14:00; terça-feira: 17:00–21:00; quarta-feira: 10:00–21:00
01001000,14,Restaurante Itiriki Cozinha Oriental,,ChIJK4BgIalZzpQRZOOBPNGLvNA,"Praça da Liberdade, 159 - Liberdade, São Paulo - SP, 01503-010",São Paulo,SP,+55 11 3207-1790,Fechado ⋅ Abre sex. às 11:00,4.4,1737,-23.555364299999997,-46.6352018,quinta-feira: 11:00–16:30; sexta-feira: 11:00–16:30; sábado: 11:00–17:30; domingo: 11:00–17:30; segunda-feira: 11:00–16:30; terça-feira: 11:00–16:30; quarta-feira: 11:00–16:30
01001000,15,Agamat Restaurante,,ChIJlRjZDslZzpQRjW-fADt9CCI,"R. Itapeva, 636 - Bela Vista, São Paulo - SP, 01332-000",São Paulo,SP,+55 11 3251-0992,Fecha em breve ⋅ 23:00 ⋅ Abre sex. às 07:00,4.3,183,-23.561180099999998,-46.654097,quinta-feira: 07:00–23:00; sexta-feira: 07:00–23:00; sábado: 07:00–23:00; domingo: 07:00–23:00; segunda-feira: 07:00–23:00; terça-feira: 07:00–23:00; quarta-feira: 07:00–23:00
01001000,16,Central Beirut Restaurante,,ChIJz_4t3jRZzpQRi0C4O8jUKvU,"R. Quintino Bocaiúva, 200 - Sé, São Paulo - SP, 01004-010",São Paulo,SP,+55 11 3104-3354,Fechado ⋅ Abre sex. às 11:00,4.5,386,-23.5503741,-46.6354043,quinta-feira: 11:00–18:30; sexta-feira: 11:00–18:30; sábado: 11:00–15:30; domingo: Fechado; segunda-feira: 11:00–18:30; terça-feira: 11:00–18:30; quarta-feira: 11:00–18:30
01001000,17,Restaurante Sweet Heart - LAOMAZI,https://www.facebook.com/liberdadesweetheart,ChIJX7vf-6hZzpQRdZZUyWr6unk,"R. dos Aflitos, 26 - Liberdade, São Paulo - SP, 01505-030",São Paulo,SP,+55 11 3203-1762,Fechado ⋅ Abre sex. às 10:30,4.5,766,-23.5557365,-46.6347198,quinta-feira: 10:30–20:30; sexta-feira: 10:30–20:30; sábado: 11:00–18:00; domingo: 11:00–17:00; segunda-feira: Fechado; terça-feira: 10:30–20:30; quarta-feira: 10:30–20:30
01001000,19,Restaurante Mari Mariá,https://instagram.com/restaurante_mari_maria?utm_medium=copy_link,ChIJ_w4v8VRYzpQRgI85TJUcStk,"conj 11 primeiro andar, Largo do Café, 14 - Centro Histórico de São Paulo, São Paulo - SP, 01012-030",São Paulo,SP,+55 11 3104-5574,Fechado ⋅ Abre sex. às 11:00,4.4,971,-23.546231799999997,-46.635101399999996,quinta-feira: 11:00–15:30; sexta-feira: 11:00–15:30; sábado: Fechado; domingo: Fechado; segunda-feira: 11:00–15:30; terça-feira: 11:00–15:30; quarta-feira: 11:00–15:30
01001000,6,Sukiya Liberdade,https://www.sukiya-brasil.com.br/,ChIJV0kxa6lZzpQRR-GCx9X9HlQ,"Praça da Liberdade, 63 - Liberdade, São Paulo - SP, 01503-010",São Paulo,SP,+55 11 97658-0784,Fecha em breve ⋅ 22:40 ⋅ Abre sex. às 10:00,4.3,5785,-23.5544795,-46.635136599999996,quinta-feira: 10:00–22:40; sexta-feira: 10:00–22:40; sábado: 10:00–22:40; domingo: 10:00–22:40; segunda-feira: 10:00–22:40; terça-feira: 10:00–22:40; quarta-feira: 10:00–22:40
01001000,8,Sassaki Yakisoba & Sushi,https://sassaki-yakisoba-sushi.negocio.site/?utm_source=gmb&utm_medium=referral,ChIJSzB7KNu_z5QRREiUP3c-2Tc,"R. da Glória, 320 - Liberdade, São Paulo - SP, 01510-000",São Paulo,SP,+55 11 94772-0360,Fecha em breve ⋅ 23:00 ⋅ Abre sex. às 11:00,4.5,24,-23.556044399999998,-46.634301199999996,quinta-feira: 11:00–23:00; sexta-feira: 11:00–00:00; sábado: 11:00–23:00; domingo: 18:00–23:00; segunda-feira: 11:00–23:00; terça-feira: 11:00–23:00; quarta-feira: 11:00–23:00
01001000,20,Mugui,https://www.restaurantemugui.com/,ChIJZW9ooKlZzpQRpE2_1q2Udcs,"R. da Glória, 111 - Liberdade, São Paulo - SP, 01510-000",São Paulo,SP,+55 11 3106-8260,Fechado ⋅ Abre sex. às 11:30,4.7,1689,-23.554135499999997,-46.634084099999995,quinta-feira: 11:30–14:30; quinta-feira: 18:30–20:30; sexta-feira: 11:30–14:30; sexta-feira: 18:30–20:30; sábado: 11:30–14:30; sábado: 18:30–20:30; domingo: 11:30–15:00; segunda-feira: Fechado; terça-feira: 11:30–14:30; terça-feira: 18:30–20:30; quarta-feira: 11:30–14:30; quarta-feira: 18:30–20:30
01001000,6,Bar e Restaurante,,ChIJFazPilBYzpQRQwQAefMMXM4,"Av. Ipiranga, 344 - República, São Paulo - SP, 01046-010",São Paulo,SP,+55 11 2189-2929,Fecha em breve ⋅ 23:00 ⋅ Abre sex. às 12:00,,,-23.5455047,-46.643721,quinta-feira: 12:00–23:00; sexta-feira: 12:00–23:00; sábado: 12:00–23:00; domingo: 12:00–23:00; segunda-feira: 12:00–23:00; terça-feira: 12:00–23:00; quarta-feira: 12:00–23:00
01001000,9,Restaurante Tempero da Casa,,ChIJsa-nrldYzpQRSPbQkk0HXto,"Av. Prestes Maia, 347 - Centro Histórico de São Paulo, São Paulo - SP, 01031-001",São Paulo,SP,,,1.2,21,-23.5414586,-46.6346492,
01001000,15,Restaurante Mané Baitôla,,ChIJz42siwhZzpQRuEl6X8PqtBs,"R. São Paulo, 374 - Sé, São Paulo - SP, 01513-000",São Paulo,SP,+55 11 3271-0324,Fechado ⋅ Abre sex. às 11:00,4.5,244,-23.5569493,-46.629318999999995,quinta-feira: 11:00–21:00; sexta-feira: 11:00–21:00; sábado: 11:00–21:00; domingo: 08:00–20:00; segunda-feira: Fechado; terça-feira: 11:00–21:00; quarta-feira: 11:00–21:00
01001000,16,Restaurante Tempero da Rose,,ChIJ6Ua9GLpZzpQRPQdWuls_3XU,"R. Maj. Diogo, 433 - Bela Vista, São Paulo - SP, 01324-001",São Paulo,SP,+55 11 3289-0543,Fechado ⋅ Abre sex. às 08:00,4.6,36,-23.5551662,-46.6427268,quinta-feira: 08:00–21:30; sexta-feira: 08:00–00:00; sábado: 10:00–03:00; domingo: 10:00–02:00; segunda-feira: 08:00–21:30; terça-feira: 08:00–21:30; quarta-feira: 08:00–21:30
01001000,17,Restaurante Asia House,http://www.asiahouse.com.br/,ChIJhfs_dalZzpQRwxP5_vUk5nc,"R. da Glória, 86 - Liberdade, São Paulo - SP, 01503-000",São Paulo,SP,+55 11 3106-1159,Fechado ⋅ Abre sex. às 11:30,4.5,916,-23.5539505,-46.6344393,quinta-feira: 11:30–15:30; sexta-feira: 11:30–15:30; sábado: 11:30–15:30; domingo: Fechado; segunda-feira: 11:30–15:30; terça-feira: 11:30–15:30; quarta-feira: 11:30–15:30
01001000,18,Restaurante Satori,,ChIJSbdQ4atZzpQRybaFGJezphU,"Praça Carlos Gomes, 60 - Centro Histórico de São Paulo, São Paulo - SP, 01501-040",São Paulo,SP,+55 11 3242-9738,Fechado ⋅ Abre sex. às 11:30,4.6,388,-23.553088499999998,-46.6358507,quinta-feira: 11:30–14:30; sexta-feira: 11:30–14:30; sábado: 11:30–14:30; domingo: Fechado; segunda-feira: 11:30–14:30; terça-feira: 11:30–14:30; quarta-feira: 11:30–14:30
01001000,19,Restaurante Cantinho De Minas II,,ChIJxaoN7QRZzpQRX8DYlTbV2mI,"Brás, São Paulo - SP, 03040-020",São Paulo,SP,,Fechado ⋅ Abre sex. às 11:00,4.5,356,-23.5506417,-46.6240242,quinta-feira: 11:00–15:00; sexta-feira: 11:00–15:00; sábado: 11:00–15:00; domingo: 11:00–15:00; segunda-feira: 11:00–15:00; terça-feira: 11:00–15:00; quarta-feira: 11:00–15:00
01001000,7,Restaurante e Conveniência Tóquio,https://cardapiodigital.io/bc0671c2-96db-4b92-9f55-b72a1a6a7011,ChIJRynPrPVZzpQRnZnQZ9U6TBQ,"R. Barão de Jaguara - Mooca, São Paulo - SP, 03105-120",São Paulo,SP,+55 11 98359-2206,Aberto 24 horas,,,-23.5556654,-46.617288099999996,quinta-feira: Atendimento 24 horas; sexta-feira: Atendimento 24 horas; sábado: Atendimento 24 horas; domingo: 09:00–00:00; segunda-feira: 08:00–00:00; terça-feira: 08:00–00:00; quarta-feira: Atendimento 24 horas
01001000,20,Restaurante Vegetariano Family,,ChIJB2-8ZKtZzpQRwHPrWu8v6yI,"R. Riachuelo, 100 - Sé, São Paulo - SP, 01005-000",São Paulo,SP,+55 11 3104-5621,Fechado ⋅ Abre sex. às 11:00,4.6,298,-23.5507699,-46.636220599999994,quinta-feira: 11:00–15:00; sexta-feira: 11:00–15:00; sábado: Fechado; domingo: Fechado; segunda-feira: 11:00–15:00; terça-feira: 11:00–15:00; quarta-feira: 11:00–15:00
01001000,2,Rancho da je,,ChIJJQzaIYJZzpQRZPzGLhOfwPY,"galeria, R. Direita, 25 - box 13 - Sé, São Paulo - SP, 01001-000",São Paulo,SP,+55 11 99177-8125,Fechado ⋅ Abre sex. às 09:00,5,2,-23.5491177,-46.6339733,quinta-feira: 09:00–16:30; sexta-feira: 09:00–16:30; sábado: 09:00–16:30; domingo: Fechado; segunda-feira: 09:00–16:30; terça-feira: 09:00–16:30; quarta-feira: 09:00–16:30
01001000,2,Sukiyaki House - Restaurante Tradicional Japonês na Liberdade,https://sukiyakihouse.com.br/,ChIJ_yFkoKlZzpQRyRk6YcG9Sd4,"R. da Glória, 111 - sala 13 - Liberdade, São Paulo - SP, 01510-001",São Paulo,SP,+55 11 3106-4067,Fechado ⋅ Abre sex. às 11:30,4.6,675,-23.5541151,-46.634079199999995,quinta-feira: 11:30–15:00; sexta-feira: 11:30–15:00; sábado: 11:30–21:00; domingo: 11:30–16:00; segunda-feira: 11:30–15:00; terça-feira: 11:30–15:00; quarta-feira: Fechado
01001000,4,Restaurante Sushi Isao,,ChIJZW9ooKlZzpQRLJ3q6Pbalj0,"R. da Glória, 111 - 2º Andar - Liberdade, São Paulo - SP, 01510-001",São Paulo,SP,+55 11 97723-0150,Fechado ⋅ Abre sex. às 11:00,4.7,2391,-23.5541178,-46.6342311,quinta-feira: 11:00–15:00; sexta-feira: 11:00–15:00; sexta-feira: 18:00–21:00; sábado: 11:00–15:00; sábado: 18:00–21:00; domingo: 11:00–15:00; segunda-feira: Fechado; terça-feira: Fechado; quarta-feira: 11:00–15:00
01001000,5,Thai E-San Restaurante Tailandês,https://www.facebook.com/Thai-E-san-Bar-E-Resturante-809788969218725/,ChIJ8c4ovCVZzpQRa3GGPu_zgWY,"Rua Barão de Iguape, 373 - Liberdade, São Paulo - SP, 01507-001",São Paulo,SP,+55 11 95459-6188,Fechado ⋅ Abre sex. às 11:00,4.8,1662,-23.5581627,-46.6333084,quinta-feira: 11:00–16:00; quinta-feira: 18:00–21:30; sexta-feira: 11:00–16:00; sexta-feira: 18:00–21:30; sábado: 11:00–16:00; sábado: 18:00–21:30; domingo: 11:00–16:00; domingo: 18:00–21:30; segunda-feira: 11:00–16:00; segunda-feira: 18:00–21:30; terça-feira: Fechado; quarta-feira: 11:00–16:00; quarta-feira: 18:00–21:30
01001000,6,Restaurante Ragonezi,,ChIJGaezzzVYzpQRMWS4RRxx9c8,"R. Frei Caneca, 647 - Complemento 649 - Bela Vista, São Paulo - SP, 01307-001",São Paulo,SP,+55 11 2157-5584,Fechado ⋅ Abre sex. às 11:00,4.5,200,-23.55405,-46.653413799999996,quinta-feira: 11:00–15:30; sexta-feira: 11:00–15:30; sábado: 11:30–15:30; domingo: Fechado; segunda-feira: 11:00–15:30; terça-feira: 11:00–15:30; quarta-feira: 11:00–15:30
01001000,1,Caribbean Bar & Restaurant,http://instagram.com/caribbeanresto,ChIJpViulNNZzpQRj_CAylzVKFA,"Rua Barão de Iguape, 645 - Liberdade, São Paulo - SP, 01507-001",São Paulo,SP,,,4.2,25,-23.5580279,-46.630684099999996,
01001000,8,RESTAURANTE TERRA MINEIRA NA CONSOLAÇÃO,,ChIJvzlEuElYzpQR5bmC7svlvcU,"R. Maria Antônia, 140 - LOJA 02 - Consolação, São Paulo - SP, 01222-010",São Paulo,SP,+55 11 4077-0800,Fechado ⋅ Abre sex. às 11:00,4.1,43,-23.5470024,-46.6498613,quinta-feira: 11:00–21:30; sexta-feira: 11:00–21:30; sábado: 12:00–17:00; domingo: 12:00–16:00; segunda-feira: 11:00–21:30; terça-feira: 11:00–21:30; quarta-feira: 11:00–21:30
01001000,9,Restaurante Galeria 18,,ChIJ3erWhNlZzpQRqSTCaa7t_-4,"R. São Bento, 315 - Loja 18 - Sé, São Paulo - SP, 01011-000",São Paulo,SP,+55 11 95289-7070,Fechado ⋅ Abre sex. às 07:00,4.3,3,-23.5464537,-46.6354259,quinta-feira: 07:00–18:00; sexta-feira: 07:00–18:00; sábado: Fechado; domingo: Fechado; segunda-feira: 07:00–18:00; terça-feira: 07:00–18:00; quarta-feira: 07:00–18:00
01001000,3,Amara Restaurante,,ChIJu5HJ_LVZzpQRMIXxouMQlPk,"R. Itapeva, 125 - Bela Vista, São Paulo - SP, 01332-090",São Paulo,SP,+55 11 3251-0803,Fechado ⋅ Abre sex. às 11:00,4.4,213,-23.5583393,-46.6506367,quinta-feira: 11:00–15:00; sexta-feira: 11:00–15:00; sábado: Fechado; domingo: Fechado; segunda-feira: 11:00–15:00; terça-feira: 11:00–15:00; quarta-feira: 11:00–15:00
01001000,11,Restaurante Fuji,http://www.goomer.app/fuji-restaurante,ChIJtw4JpahZzpQRAioJ73Y39Ko,"R. Thomaz Gonzaga, 36 - Liberdade, São Paulo - SP, 01506-020",São Paulo,SP,+55 11 3271-7052,Fechado ⋅ Abre sex. às 11:30,4.6,1718,-23.5578327,-46.6360817,quinta-feira: 11:30–15:00; quinta-feira: 18:30–21:30; sexta-feira: 11:30–15:00; sexta-feira: 18:30–21:30; sábado: 11:30–15:00; sábado: 18:30–21:30; domingo: 11:30–16:00; segunda-feira: Fechado; terça-feira: 11:30–15:00; terça-feira: 18:30–21:30; quarta-feira: 11:30–15:00; quarta-feira: 18:30–21:30
01001000,10,Athenas Restaurante,http://athenasrestaurante.com.br/,ChIJU7rK1MxZzpQR_gMarvplads,"R. Augusta, 1449 - Consolação, São Paulo - SP, 01305-100",São Paulo,SP,+55 11 3262-1945,Aberto ⋅ Fecha às 02:30,4.5,14714,-23.556510199999998,-46.658149099999996,quinta-feira: 11:00–02:30; sexta-feira: 11:00–02:30; sábado: 11:00–02:30; domingo: 11:00–02:30; segunda-feira: 11:00–02:30; terça-feira: 11:00–02:30; quarta-feira: 11:00–02:30
01001000,13,Restaurante Itapeva Delivery,,ChIJH_vp-rVZzpQRySEIsbou390,"R. Itapeva, 116 - Bela Vista, São Paulo - SP, 01332-000",São Paulo,SP,+55 11 3253-4086,Fechado ⋅ Abre sex. às 11:00,4,23,-23.558069,-46.650698,quinta-feira: 11:00–16:00; sexta-feira: 11:00–16:00; sábado: 11:00–16:00; domingo: 11:00–16:00; segunda-feira: 11:00–16:00; terça-feira: 11:00–16:00; quarta-feira: 11:00–16:00
01001000,14,DNA Restaurante,https://www.facebook.com/DNARestaurante/,ChIJdUgpXctZzpQRfIruK0Dy43E,"Rua Peixoto Gomide, 295 - Cerqueira César, São Paulo - SP, 01409-000",São Paulo,SP,+55 11 93232-4911,Fechado ⋅ Abre sex. às 11:00,4.2,333,-23.5564935,-46.6553641,quinta-feira: 11:00–15:30; sexta-feira: 11:00–15:30; sábado: Fechado; domingo: Fechado; segunda-feira: 11:00–15:30; terça-feira: 11:00–15:30; quarta-feira: 11:00–15:30
01001000,15,Wanri Oriental,,ChIJcavYmqhZzpQRJ0qS6u7dlzs,"R. Galvão Bueno, 205 - Liberdade, São Paulo - SP, 01506-000",São Paulo,SP,+55 11 3209-3092,Fechado ⋅ Abre sex. às 11:00,4.5,1391,-23.557444999999998,-46.6349527,quinta-feira: 11:00–17:00; sexta-feira: 11:00–21:00; sábado: 11:00–21:00; domingo: 11:00–21:00; segunda-feira: 11:00–17:00; terça-feira: 11:00–17:00; quarta-feira: Fechado
01001000,16,Restaurante Segredos de Minas - Bela Cintra,,ChIJZ8uonDJYzpQRbPKn9VesMA8,"R. Bela Cintra, 919 - Consolação, São Paulo - SP, 01415-000",São Paulo,SP,+55 11 3214-5315,Aberto ⋅ Fecha à 00:00,4.4,3810,-23.5554095,-46.6605533,quinta-feira: 11:30–00:00; sexta-feira: 11:30–00:00; sábado: 11:30–00:00; domingo: 11:30–23:00; segunda-feira: 11:30–23:00; terça-feira: 11:30–23:00; quarta-feira: 11:30–00:00
01001000,17,Restaurante America Higienopolis,https://www.restauranteamerica.com.br/,ChIJMZo8ljtYzpQRhYowWqaeFco,"Av. Higienópolis, 618 - Consolacao, São Paulo - SP, 01238-000",São Paulo,SP,+55 11 5644-2222,Fecha em breve ⋅ 23:00 ⋅ Abre sex. às 11:30,4.4,1240,-23.5423802,-46.6571673,quinta-feira: 11:30–23:00; sexta-feira: 11:30–21:00; sábado: 11:30–23:00; domingo: 11:30–23:00; segunda-feira: 11:30–23:00; terça-feira: 11:30–23:00; quarta-feira: 11:30–23:00
01001000,7,Mattos Restaurante,,ChIJGdwH1M1ZzpQRJaiXSU2jfBo,"Alameda Santos, 1838 - Jardim Paulista, São Paulo - SP, 01418-200",São Paulo,SP,+55 11 3253-1596,Aberto ⋅ Fecha à 00:00,4.3,356,-23.5610862,-46.6587028,quinta-feira: 07:00–00:00; sexta-feira: 07:00–00:00; sábado: 10:00–20:00; domingo: Fechado; segunda-feira: 07:00–00:00; terça-feira: 07:30–00:00; quarta-feira: 07:00–00:00
01001000,19,Theodora Restaurante,http://business.google.com/website/theodora-restaurante,ChIJqZMJbORYzpQRmqaXojLLAuM,"Shopping Mega Pólo Moda, R. Barão de Ladário, 566 - 3°andar - Brás, São Paulo - SP, 03010-030",São Paulo,SP,+55 11 2886-6725,Fechado ⋅ Abre sex. às 08:30,4.4,277,-23.5368413,-46.618559999999995,quinta-feira: 07:00–17:30; sexta-feira: 08:30–17:00; sábado: Fechado; domingo: Fechado; segunda-feira: 07:00–17:30; terça-feira: 07:00–17:30; quarta-feira: 07:00–17:30
01001000,20,Biyou'Z Gastronomia Africana,https://www.biyouzrestauranteafricano.com.br/,ChIJn4k2wMRZzpQRLYRvili_yAI,"R. Fernando de Albuquerque, 95 - Consolação, São Paulo - SP, 01309-030",São Paulo,SP,+55 11 2339-1220,Aberto ⋅ Fecha à 00:00,4.5,511,-23.5544135,-46.6575941,quinta-feira: 12:00–00:00; sexta-feira: 12:00–00:00; sábado: 12:00–00:00; domingo: 12:00–00:00; segunda-feira: 12:00–00:00; terça-feira: 12:00–00:00; quarta-feira: 12:00–00:00
01001000,12,Old House Restaurante,,ChIJCTbNo8hZzpQR-NLQxJLcAB0,"Alameda Santos, 1307 - Jardim Paulista, São Paulo - SP, 01419-001",São Paulo,SP,+55 11 3284-8120,Fechado ⋅ Abre sex. às 11:00,4.3,873,-23.5644687,-46.655026799999995,quinta-feira: 11:00–15:30; sexta-feira: 11:00–15:30; sábado: Fechado; domingo: Fechado; segunda-feira: 11:00–15:30; terça-feira: 11:00–15:30; quarta-feira: 11:00–15:30
01001000,18,Pastel de Feira,,ChIJ4-chGqtZzpQRt8mg8lyE954,"Rua Benjamim Constant 76 - Pca da Sé, São Paulo - SP, 01005-000",São Paulo,SP,+55 11 98104-0430,Fechado ⋅ Abre sex. às 09:00,4.8,10,-23.5498509,-46.634807099999996,quinta-feira: 09:00–19:00; sexta-feira: 09:00–19:00; sábado: 09:00–16:00; domingo: Fechado; segunda-feira: 09:00–19:00; terça-feira: 09:00–19:00; quarta-feira: 09:00–19:00
01001000,6,Restaurante Cantinho do Sabor,,ChIJa9utMExYzpQRs_zN3IYlzeY,"Condomínio Edificio Barão de Penedo - R. da Consolação, 331/323 - Centro Histórico de São Paulo, São Paulo - SP, 01301-000",São Paulo,SP,+55 11 3257-5548,Fechado ⋅ Abre sex. às 11:00,4.5,67,-23.548244399999998,-46.6445693,quinta-feira: 11:00–15:30; sexta-feira: 11:00–15:30; sábado: Fechado; domingo: Fechado; segunda-feira: 11:00–15:30; terça-feira: 11:00–15:30; quarta-feira: 11:00–15:30
01001000,18,Restaurante Flor Da 25,,ChIJue7v4ldYzpQRFgKViAeXtrc,"R. Vinte e Cinco de Março, 1283 - Luz, São Paulo - SP, 01021-100",São Paulo,SP,+55 11 3326-0781,Fechado ⋅ Abre sex. às 06:00,4.2,248,-23.538432399999998,-46.6321229,quinta-feira: 06:00–20:00; sexta-feira: 06:00–20:00; sábado: 06:00–17:00; domingo: 07:00–14:00; segunda-feira: 06:00–20:00; terça-feira: 06:00–20:00; quarta-feira: 06:00–20:00
01001000,17,Luk Restaurante,http://www.facebook.com/lukrestaurante,ChIJqZsVqjRYzpQRLDmNODtL2fg,"R. Frei Caneca, 953 - Bela Vista, São Paulo - SP, 01307-003",São Paulo,SP,+55 11 3253-6748,Fechado ⋅ Abre sex. às 11:00,4.4,311,-23.5554341,-46.655892099999996,quinta-feira: 11:00–15:00; sexta-feira: 11:00–15:00; sábado: Fechado; domingo: Fechado; segunda-feira: 11:00–15:00; terça-feira: 11:00–15:00; quarta-feira: 11:00–15:00
01001000,12,31 Restaurante,https://www.31restaurante.com.br/,ChIJQ_Y0yjNZzpQRGWgpffxElqQ,"R. Rego Freitas, 301 - República, São Paulo - SP, 01220-010",São Paulo,SP,+55 11 3361-3384,Fechado ⋅ Abre sex. às 12:00,4.3,122,-23.5445033,-46.6465082,quinta-feira: 12:00–15:00; quinta-feira: 19:00–22:00; sexta-feira: 12:00–15:00; sexta-feira: 19:00–22:00; sábado: 12:00–16:00; sábado: 19:00–22:00; domingo: 12:00–16:00; segunda-feira: Fechado; terça-feira: 12:00–15:00; terça-feira: 19:00–22:00; quarta-feira: 12:00–15:00; quarta-feira: 19:00–22:00
01001000,1,FILÉ Restaurante & Bar,http://www.filerestaurante.com.br/,ChIJKaceantZzpQRlWbW-b4NVVA,"Av. Lins de Vasconcelos, 1515 - Vila Deodoro, São Paulo - SP, 01537-001",São Paulo,SP,+55 11 2219-2333,Fecha em breve ⋅ 23:00 ⋅ Abre sex. às 11:00,4.4,1940,-23.5768536,-46.6235357,quinta-feira: 11:00–23:00; sexta-feira: 11:00–23:00; sábado: 11:00–23:00; domingo: 11:00–17:00; segunda-feira: 11:00–16:00; terça-feira: 11:00–23:00; quarta-feira: 11:00–23:00
01001000,2,Casimiro Restaurante,,ChIJD9MOMGhYzpQRdQlAnicBV48,"Campos Elíseos, São Paulo - SP, 01216-000",São Paulo,SP,,,3.7,3,-23.5315726,-46.6434006,
01001000,4,Bar e Restaurante A Ribeira,,ChIJde_BJO5ZzpQR7GRRC3js5-E,"Alameda Ribeiro da Silva, 909 - Campos Elíseos, São Paulo - SP, 01217-010",São Paulo,SP,+55 11 97805-9991,Fechado ⋅ Abre sex. às 11:30,4.8,157,-23.5339015,-46.6513481,quinta-feira: 11:30–14:30; sexta-feira: 11:30–00:00; sábado: 15:00–00:00; domingo: Fechado; segunda-feira: 11:30–14:30; terça-feira: 11:30–14:30; quarta-feira: 11:30–14:30
01001000,6,Kyodai Restaurante,,ChIJ-SvcM9dZzpQRolgEBBdQjDM,"Via 16, R. Direita, 61/65 - Centro Histórico de São Paulo, São Paulo - SP, 01002-001",São Paulo,SP,,,,,-23.5485719,-46.634758399999996,
01001000,7,Santa Vitória -Lanchonete e Restaurante,,ChIJAaIMqedYzpQRyN4_ZVyk-eY,"R. Silva Teles, 291 - Pari, São Paulo - SP, 03026-001",São Paulo,SP,+55 11 2291-4534,Fechado ⋅ Abre sex. às 06:00,4.8,36,-23.534019999999998,-46.614656,quinta-feira: 06:00–18:00; sexta-feira: 06:00–18:00; sábado: 06:00–14:30; domingo: Fechado; segunda-feira: 06:00–18:00; terça-feira: 06:00–18:00; quarta-feira: 06:00–18:00
01001000,8,Restaurante Recanto dos Sabores,,ChIJhTti8cBZzpQRWEGjjpBJKfQ,"Alameda Sarutaiá, 49 - Jardim Paulista, São Paulo - SP, 01403-010",São Paulo,SP,+55 11 3887-0036,Fechado ⋅ Abre sex. às 11:00,4.6,141,-23.5707977,-46.652738199999995,quinta-feira: 11:00–16:00; sexta-feira: 11:00–16:00; sábado: 11:00–16:00; domingo: Fechado; segunda-feira: 11:00–16:00; terça-feira: 11:00–16:00; quarta-feira: 11:00–16:00
01001000,9,Vasto Restaurante,http://www.vastorestaurante.com/,ChIJuxjBPVZZzpQRSVKs40Ekrfk,"Rua Haddock Lobo, 1573 - Cerqueira César, São Paulo - SP, 01414-003",São Paulo,SP,+55 11 3377-7733,Fecha em breve ⋅ 23:00 ⋅ Abre sex. às 12:00,4.9,5422,-23.5644702,-46.6681709,quinta-feira: 12:00–15:30; quinta-feira: 18:00–23:00; sexta-feira: 12:00–00:00; sábado: 12:00–00:00; domingo: 12:00–22:00; segunda-feira: 12:00–15:30; segunda-feira: 18:00–23:00; terça-feira: 12:00–15:30; terça-feira: 18:00–23:00; quarta-feira: 12:00–15:30; quarta-feira: 18:00–23:00
01001000,10,Gusto Restaurante,https://gusto-restaurante.negocio.site/?utm_source=gmb&utm_medium=referral,ChIJFyIGj9JZzpQR6BVgEzTkhBU,"R. Augusta, 1933 - Cerqueira César, São Paulo - SP, 01413-000",São Paulo,SP,+55 11 99745-0882,Fechado ⋅ Abre sex. às 12:00,4.6,191,-23.559566099999998,-46.6615264,quinta-feira: 12:00–15:00; sexta-feira: 12:00–15:00; sábado: Fechado; domingo: Fechado; segunda-feira: 12:00–15:00; terça-feira: 12:00–15:00; quarta-feira: 12:00–15:00
01001000,11,Don Maitre Restaurante,,ChIJ3bZ8mxb3zpQRkjKCtWuz-Iw,"R. Monte Alegre, 835 - Perdizes, São Paulo - SP, 05014-000",São Paulo,SP,+55 11 3801-3750,Aberto ⋅ Fecha às 23:30,4.8,29,-23.537487,-46.669713099999996,quinta-feira: 06:30–23:30; sexta-feira: 06:30–23:30; sábado: 06:30–23:30; domingo: 06:30–23:30; segunda-feira: 06:30–23:30; terça-feira: 06:30–23:30; quarta-feira: 06:30–23:30
01001000,12,Restaurante,,ChIJpY9n5QZZzpQR5QL-SsLHDV8,"R. Augusta - Consolação, São Paulo - SP, 01304-001",São Paulo,SP,,,,,-23.5539749,-46.655794,
01001000,13,Restaurante Casa do Norte,,ChIJAWLpjBNYzpQRyyH114OrqAY,"R. Barra Funda, 341 - Barra Funda, São Paulo - SP, 01152-000",São Paulo,SP,+55 11 3662-1434,Fechado ⋅ Abre sex. às 07:00,4.5,1177,-23.5310521,-46.654795799999995,quinta-feira: 07:00–22:00; sexta-feira: 07:00–22:00; sábado: 07:00–22:00; domingo: 09:30–18:30; segunda-feira: 07:00–22:00; terça-feira: 07:00–22:00; quarta-feira: 07:00–22:00
01001000,14,Restaurante Arabia,https://arabia.com.br/,ChIJjz8qP9RZzpQR1SzU4R_ftZE,"Rua Haddock Lobo, 1397 - Jardins, São Paulo - SP, 01414-003",São Paulo,SP,+55 11 3061-3234,Fecha em breve ⋅ 22:45 ⋅ Abre sex. às 12:00,4.5,1392,-23.563399699999998,-46.6668989,quinta-feira: 12:00–22:45; sexta-feira: 12:00–23:45; sábado: 12:00–23:45; domingo: 12:00–22:45; segunda-feira: 12:00–22:45; terça-feira: 12:00–22:45; quarta-feira: 12:00–22:45
01001000,16,Restaurante Catu,,ChIJsT27eJdZzpQRH6K75WzOIfc,"R. Maestro Cardim, 1272 - Bela Vista, São Paulo - SP, 01323-001",São Paulo,SP,+55 11 95228-4907,Fechado ⋅ Abre sex. às 11:30,4.5,222,-23.5722886,-46.642032699999994,quinta-feira: 11:30–15:00; sexta-feira: 11:30–15:00; sábado: Fechado; domingo: Fechado; segunda-feira: 11:30–15:00; terça-feira: 11:30–15:00; quarta-feira: 11:30–15:00
01001000,17,Halal Taj Mahal Restaurante,,ChIJg-BwsihZzpQR58c1cgNeO5w,"R. Barão de Ladário, 857 - Pari, São Paulo - SP, 03010-000",São Paulo,SP,,,3.3,38,-23.5344505,-46.6191007,
01001000,18,Moah Restaurante,http://www.moahrestaurante.com.br/,ChIJo7GPFTdZzpQRSoBlM-Jr7Xw,"Praça Gen. Polidoro, 111 - Aclimação, São Paulo - SP, 01531-050",São Paulo,SP,+55 11 95884-7086,Fechado ⋅ Abre sex. às 12:00,4.7,962,-23.5717709,-46.6304346,quinta-feira: 12:00–14:00; quinta-feira: 18:00–21:00; sexta-feira: 12:00–14:00; sexta-feira: 18:00–21:00; sábado: 12:00–14:30; sábado: 18:00–21:00; domingo: 12:00–14:30; domingo: 18:00–21:00; segunda-feira: Fechado; terça-feira: 12:00–14:00; terça-feira: 18:00–21:00; quarta-feira: 12:00–14:00; quarta-feira: 18:00–21:00
01001000,15,Capanema Restaurante,https://www.capanemagastronomia.com.br/,ChIJxyDeyzVZzpQRfo_Z8g4CmAs,"R. Barão de Capanema, 551 - Jardim Paulista, São Paulo - SP, 01411-011",São Paulo,SP,+55 11 95890-9530,Fecha em breve ⋅ 23:00 ⋅ Abre sáb. às 20:00,4.8,26,-23.5663113,-46.667647599999995,quinta-feira: 12:00–15:00; quinta-feira: 19:00–23:00; sexta-feira: Fechado; sábado: 20:00–23:55; domingo: 12:00–15:00; domingo: 19:00–22:00; segunda-feira: 12:00–15:00; segunda-feira: 19:00–22:00; terça-feira: 12:00–15:00; terça-feira: 19:00–23:00; quarta-feira: 12:00–15:00; quarta-feira: 19:00–23:00
01001000,19,Lanchonete e Restaurante Caju Verde,,ChIJnemSe51ZzpQRSRTrSYFAe-U,"Av. Nove de Julho, 3622 - Jardim Paulista, São Paulo - SP, 01406-000",São Paulo,SP,+55 11 2597-5041,Fecha em breve ⋅ 23:00 ⋅ Abre sex. às 06:00,4.3,92,-23.5706337,-46.6628725,quinta-feira: 06:00–23:00; sexta-feira: 06:00–23:00; sábado: 06:00–23:00; domingo: Fechado; segunda-feira: 06:00–23:00; terça-feira: 06:00–23:00; quarta-feira: 06:00–23:00
01001000,20,Jacob Restaurante,http://www.jacobrestaurante.com.br/,ChIJSUceQJZZzpQR6KTbkFLU0X0,"R. Dr. Rafael de Barros, 91 - Paraíso, São Paulo - SP, 04003-041",São Paulo,SP,+55 11 3057-3137,Fechado ⋅ Abre sex. às 10:00,4.5,736,-23.572233,-46.645198,quinta-feira: 10:00–17:00; sexta-feira: 10:00–17:00; sábado: 10:00–17:00; domingo: Fechado; segunda-feira: 10:00–17:00; terça-feira: 10:00–17:00; quarta-feira: 10:00–17:00
01001000,3,Muquifo Restaurante,http://www.muquiforestaurante.com.br/,ChIJRSGOq4pZzpQRyDDsgNy8HMU,"R. Bela Cintra, 1569 - Cerqueira César, São Paulo - SP, 01415-001",São Paulo,SP,+55 11 98232-7677,Fecha em breve ⋅ 23:00 ⋅ Abre sex. às 12:00,4.4,747,-23.559559999999998,-46.665033099999995,quinta-feira: 12:00–15:00; quinta-feira: 19:00–23:00; sexta-feira: 12:00–15:00; sexta-feira: 19:00–23:00; sábado: 12:00–16:00; sábado: 19:30–23:00; domingo: 12:00–17:00; segunda-feira: Fechado; terça-feira: 12:00–15:00; terça-feira: 19:00–23:00; quarta-feira: 12:00–15:00; quarta-feira: 19:00–23:00
01001000,5,Rex Restaurante,https://m.facebook.com/restauranterex/?locale2=pt_BR,ChIJq8Ds2dRZzpQRLT3YUeE_aFg,"R. da Consolação, 3193 - Cerqueira César, São Paulo - SP, 01416-001",São Paulo,SP,,Aberto ⋅ Fecha às 04:00,4.4,464,-23.5604768,-46.667853099999995,quinta-feira: 20:00–04:00; sexta-feira: 20:00–05:00; sábado: 20:00–04:00; domingo: Fechado; segunda-feira: 20:00–04:00; terça-feira: 20:00–04:00; quarta-feira: 20:00–04:00
01001000,1,Huadu Restaurante 华都酒楼,,ChIJGZRVCWdZzpQRFz2Ei-pOy8E,"Av. Sen. Queirós, 369 - Santa Ifigênia, São Paulo - SP, 01026-001",São Paulo,SP,,,,,-23.5391263,-46.632473,
01001000,4,Churrascaria Cho sun Gal bi Liberdade,https://www.instagram.com/churrascariachosungalbiliba/,ChIJKyDsQYxZzpQRLkbcvPbK8hs,"R. da Glória, 663 - São Paulo, SP, 01510-001",São Paulo,SP,+55 11 3277-1082,Fechado ⋅ Abre sex. às 12:00,5,4,-23.559051099999998,-46.6337141,quinta-feira: 12:00–14:30; quinta-feira: 17:30–22:00; sexta-feira: 12:00–14:30; sexta-feira: 17:30–22:00; sábado: 12:00–15:30; sábado: 17:30–22:00; domingo: 12:00–20:00; segunda-feira: Fechado; terça-feira: 12:00–14:30; terça-feira: 17:30–22:00; quarta-feira: 12:00–14:30; quarta-feira: 17:30–22:00
01001000,5,Vivace Gastronomia,,ChIJ9-VhjVxYzpQRVOBQt5ohttw,"Praça Júlio Prestes, 16 - Campos Elíseos, São Paulo - SP, 01218-020",São Paulo,SP,+55 11 3333-3441,Fechado ⋅ Abre sex. às 12:00,4.5,116,-23.5346352,-46.639683299999994,quinta-feira: 12:00–15:00; sexta-feira: 12:00–15:00; sábado: Fechado; domingo: Fechado; segunda-feira: 12:00–15:00; terça-feira: 12:00–15:00; quarta-feira: 12:00–15:00
01001000,6,McDonald's,https://www.mcdonalds.com.br/?utm_source=[gmb]&utm_medium=[website][SBT]&utm_campaign=[youmap][digital],ChIJPaIYlFRYzpQRVhCjyJ9VgyY,"R. São Bento, 215 - Centro Histórico de São Paulo, São Paulo - SP, 01011-000",São Paulo,SP,+55 11 3105-1553,Fechado ⋅ Abre sex. às 08:00,4,4050,-23.547137499999998,-46.6358618,quinta-feira: 08:00–19:00; sexta-feira: 08:00–19:00; sábado: 08:00–18:00; domingo: Fechado; segunda-feira: 08:00–19:00; terça-feira: 08:00–19:00; quarta-feira: 08:00–19:00
01001000,7,Flor do Paraíso - Lanchonete e Restaurante,,ChIJq8K-mppZzpQRFK99iwMkUjk,"R. Domingos de Morais, 26 - Vila Mariana, São Paulo - SP, 04010-000",São Paulo,SP,+55 11 5084-2409,Fecha em breve ⋅ 23:00 ⋅ Abre sex. às 06:00,4.3,4539,-23.5774214,-46.6410781,quinta-feira: 06:00–23:00; sexta-feira: 06:00–23:00; sábado: 06:00–23:00; domingo: 06:00–23:00; segunda-feira: 06:00–23:00; terça-feira: 06:00–23:00; quarta-feira: 06:00–23:00
01001000,8,Hamburgueria e restaurante França,,ChIJKX4kyGlZzpQReTuEUyzpeSo,"R. Conselheiro Crispiniano, 91 - Centro Histórico de São Paulo, São Paulo - SP, 01037-000",São Paulo,SP,,Fechado ⋅ Abre sex. às 08:00,,,-23.5461848,-46.639989299999996,quinta-feira: 08:00–18:00; sexta-feira: 08:00–22:00; sábado: 11:00–15:00; domingo: Fechado; segunda-feira: 08:00–18:00; terça-feira: 08:00–18:00; quarta-feira: 08:00–18:00
01001000,9,Rosa Delícias Árabes,,ChIJ2cwJe0lZzpQRI7KIyILV3Ks,"Av. São João, 292 - Centro Histórico de São Paulo, São Paulo - SP, 01036-000",São Paulo,SP,+55 11 3361-8585,Fechado ⋅ Abre sex. às 10:00,5,8,-23.5439229,-46.6371827,quinta-feira: 10:00–20:00; sexta-feira: 10:00–20:00; sábado: 10:00–20:00; domingo: Fechado; segunda-feira: 10:00–20:00; terça-feira: 10:00–20:00; quarta-feira: 10:00–20:00
01001000,10,Restaurante Katarina,,ChIJmYpEC2pYzpQR9qzpl1JIWhs,"Alameda Nothmann, 682 - Campos Elíseos, São Paulo - SP, 01216-001",São Paulo,SP,+55 11 3337-7947,Fechado ⋅ Abre sex. às 11:00,4.4,692,-23.533250799999998,-46.6477317,quinta-feira: 11:00–15:00; sexta-feira: 11:00–15:00; sábado: Fechado; domingo: Fechado; segunda-feira: 11:00–15:00; terça-feira: 11:00–15:00; quarta-feira: 11:00–15:00
01001000,11,Sushi Bar Japas,,ChIJZfyHC7BZzpQRvmroMF1rlho,"R. Prof. Sebastião Soares de Faria, 49 - Bela Vista, São Paulo - SP, 01317-010",São Paulo,SP,+55 11 94044-4916,Fechado ⋅ Abre sex. às 11:30,4.5,242,-23.5601415,-46.6425888,quinta-feira: 11:30–22:00; sexta-feira: 11:30–22:00; sábado: 12:00–22:00; domingo: Fechado; segunda-feira: 11:30–22:00; terça-feira: 11:30–22:00; quarta-feira: 11:30–22:00
01001000,12,"Coco Bambu Conceito Pátio Paulista: Restaurante, Peixe, Camarão, Carnes, SP",https://cocobambu.com/unidades/conceito-patio-paulista/,ChIJyeXlAAtZzpQRIhbWntaBqEs,"R. Treze de Maio, 1933 - Bela Vista, São Paulo - SP, 01327-001",São Paulo,SP,+55 11 3266-7121,Fecha em breve ⋅ 23:00 ⋅ Abre sex. às 11:30,4.8,6077,-23.5706329,-46.6435203,quinta-feira: 11:30–23:00; sexta-feira: 11:30–00:00; sábado: 11:30–00:00; domingo: 11:30–22:00; segunda-feira: 11:30–23:00; terça-feira: 11:30–23:00; quarta-feira: 11:30–23:00
01001000,3,Salada Paulistana,http://saladapaulistana.com/,ChIJeUbj1PhYzpQRmj210Dr0h1s,"Rua da Cantareira, 306 (Dentro do Mercadão Municipal de São Paulo - Rua J Box 24/26 - Centro Histórico de São Paulo, São Paulo - SP, 01024-100",São Paulo,SP,+55 11 3227-1035,Fechado ⋅ Abre sex. às 09:00,3.8,94,-23.541765899999998,-46.629393799999995,quinta-feira: 09:00–18:00; sexta-feira: 09:00–18:00; sábado: 09:00–18:00; domingo: 09:00–17:00; segunda-feira: 09:00–18:00; terça-feira: 09:00–18:00; quarta-feira: 09:00–18:00
01001000,2,Gran Via,http://www.melia.com/pt/hoteis/brasil/sao-paulo/melia-paulista/index.html,ChIJYQU2rdNZzpQRobz8VeW91ds,"Av. Paulista, 2181 - Consolação, São Paulo - SP, 01311-300",São Paulo,SP,,Fecha em breve ⋅ 23:00 ⋅ Abre sex. às 12:00,4.2,70,-23.5579128,-46.660846299999996,quinta-feira: 12:00–15:00; quinta-feira: 19:00–23:00; sexta-feira: 12:00–15:00; sexta-feira: 19:00–23:00; sábado: 12:00–15:00; sábado: 19:00–23:00; domingo: 12:00–15:00; domingo: 19:00–23:00; segunda-feira: 12:00–15:00; segunda-feira: 19:00–23:00; terça-feira: 12:00–15:00; terça-feira: 19:00–23:00; quarta-feira: 12:00–15:00; quarta-feira: 19:00–23:00
01001000,18,Santa Cecília Wine Bar,,ChIJcasMAR5ZzpQRFXaWoUMUgsk,"Alameda Nothmann, 940 - Campos Elíseos, São Paulo - SP, 01216-001",São Paulo,SP,+55 11 94617-0856,,,,-23.534702499999998,-46.649646399999995,
01001000,1,Cidade______,https://instagram.com/cidade______?igshid=MWZjMTM2ODFkZg==,ChIJmfe8fbFZzpQRXhVsHTj5Lbk,"R. Gen. Júlio Marcondes Salgado, 321 - Campos Elíseos, São Paulo - SP, 01201-020",São Paulo,SP,+55 11 95878-2195,Aberto ⋅ Fecha à 01:00,4.5,2,-23.534585699999997,-46.6519865,quinta-feira: 19:00–01:00; sexta-feira: 19:00–01:00; sábado: 19:00–01:00; domingo: 16:00–23:00; segunda-feira: Fechado; terça-feira: Fechado; quarta-feira: Fechado
01001000,17,Marmitaria Central,https://www.marmitariacentral.com.br/,ChIJoz2AsbVZzpQRrgWj0OCayK8,"Alameda Barão de Piracicaba, 170 - Campos Elíseos, São Paulo - SP, 01216-011",São Paulo,SP,+55 11 97744-7421,Fechado ⋅ Abre sex. às 12:00,,,-23.534557799999998,-46.642310099999996,quinta-feira: 12:00–21:00; sexta-feira: 12:00–21:00; sábado: 11:00–14:00; domingo: Fechado; segunda-feira: 12:00–21:00; terça-feira: 12:00–21:00; quarta-feira: 12:00–21:00
01001000,18,Atmosfera Restaurante,http://www.facebook.com/restauranteatmosfera,ChIJCxpsf1BZzpQRraH-YSbQlOg,"R. Domingos de Morais, 90 - Vila Mariana, São Paulo - SP, 04010-000",São Paulo,SP,+55 11 2776-7615,Fechado ⋅ Abre sex. às 11:00,4.4,315,-23.5780583,-46.6412374,quinta-feira: 11:00–15:00; sexta-feira: 11:00–15:00; sábado: 11:00–15:00; domingo: Fechado; segunda-feira: 11:00–15:00; terça-feira: 11:00–15:00; quarta-feira: 11:00–15:00
01001000,16,O Melhor Restaurante,,ChIJfcTUGWdZzpQRFQK2kPCQZY4,"R. Eng. Prudente, 351 - Vila Monumento, São Paulo - SP, 01550-000",São Paulo,SP,,,,,-23.573282,-46.614439399999995,
01001000,19,La Braciera Pizzaria - Pizza Napoletana,https://labraciera.com.br/,ChIJ9YKDgBdYzpQRwOecNXscrg8,"R. Conselheiro Brotero, 1120 - Santa Cecilia, São Paulo - SP, 01232-011",São Paulo,SP,+55 11 94114-1120,Fecha em breve ⋅ 23:00 ⋅ Abre sex. às 18:00,4.6,1418,-23.5360434,-46.660861,quinta-feira: 18:00–23:00; sexta-feira: 18:00–00:00; sábado: 18:00–23:00; domingo: 18:00–23:00; segunda-feira: 18:00–23:00; terça-feira: 18:00–23:00; quarta-feira: 18:00–23:00
01001000,14,RESTAURANTE B&B,,ChIJ7VYE7xlZzpQRqruqrq6RchY,"R. Guarani, 465 - Bom Retiro, São Paulo - SP, 01123-040",São Paulo,SP,+55 11 99849-9770,Aberto ⋅ Fecha à 00:00,,,-23.5276438,-46.638269099999995,quinta-feira: 17:30–00:00; sexta-feira: 17:30–00:00; sábado: 17:30–00:00; domingo: Fechado; segunda-feira: 17:30–00:00; terça-feira: 17:30–00:00; quarta-feira: 17:30–00:00
01001000,20,Restaurante Estância Mineira,,ChIJKbZ2uYtYzpQR-OubmbnZU80,"R. Eduardo Chaves, 162 - Luz, São Paulo - SP, 01109-060",São Paulo,SP,+55 11 98271-9671,Fechado ⋅ Abre sex. às 11:00,4.7,880,-23.523782699999998,-46.628600999999996,quinta-feira: 11:00–15:00; sexta-feira: 11:00–15:00; sábado: Fechado; domingo: Fechado; segunda-feira: 11:00–15:00; terça-feira: 11:00–15:00; quarta-feira: 11:00–15:00
01001000,1,TastelT Restaurante,http://tasteitrestaurante.com/,ChIJ4241WY1ZzpQRYuCzGu4arPc,"Rua Joinville, 515 - Vila Mariana, São Paulo - SP, 04008-001",São Paulo,SP,+55 11 5088-4000,Fecha em breve ⋅ 23:00 ⋅ Abre sex. às 12:00,4.7,818,-23.5823707,-46.650208299999996,quinta-feira: 12:00–15:00; quinta-feira: 19:00–23:00; sexta-feira: 12:00–15:00; sexta-feira: 19:00–23:00; sábado: 12:00–15:00; sábado: 19:00–23:00; domingo: 12:00–15:00; domingo: 19:00–23:00; segunda-feira: 12:00–15:00; segunda-feira: 19:00–23:00; terça-feira: 12:00–15:00; terça-feira: 19:00–23:00; quarta-feira: 12:00–15:00; quarta-feira: 19:00–23:00
01001000,3,Restaurante Yodo,,ChIJQfwECqlZzpQRwMl-4DZhOyM,"Rua Dona Júlia, 147 - Vila Mariana, São Paulo - SP, 04117-020",São Paulo,SP,,,4.8,5,-23.5543276,-46.634495099999995,
01001000,6,Seok Joung Restaurante,https://www.instagram.com/seokjoungrestaurante/,ChIJG7o1NWdYzpQRrgJDRSBMHMg,"Rua Correia de Melo, 135 - Bom Retiro, São Paulo - SP, 01123-020",São Paulo,SP,+55 11 3338-0737,Fechado ⋅ Abre sex. às 11:30,4.5,597,-23.5299806,-46.637719399999995,quinta-feira: 11:30–14:45; quinta-feira: 17:30–20:00; sexta-feira: 11:30–14:45; sexta-feira: 17:30–20:00; sábado: 11:30–14:45; sábado: 17:30–20:00; domingo: Fechado; segunda-feira: 11:30–14:45; segunda-feira: 17:30–20:00; terça-feira: 11:30–14:45; terça-feira: 17:30–20:00; quarta-feira: 11:30–14:45; quarta-feira: 17:30–20:00
01001000,7,Laxmi Culinária Indiana,,ChIJ26N7GHNZzpQRnUvpalN2-6Q,"Shopping Market Paulista, Av. Paulista, 1941 - 1 andar - Bela Vista, São Paulo - SP, 01310-200",São Paulo,SP,+55 11 3287-5592,Fechado ⋅ Abre sex. às 11:30,4.6,207,-23.559879499999997,-46.6593325,quinta-feira: 11:30–20:00; sexta-feira: 11:30–20:00; sábado: 11:30–20:00; domingo: 11:30–20:00; segunda-feira: Fechado; terça-feira: 11:30–20:00; quarta-feira: 11:30–20:00
01001000,8,Restaurante La Em Casa,,ChIJV-F2jHFYzpQRiwKyBtyH1SA,"R. Anhaia, 948 - Bom Retiro, São Paulo - SP, 01130-000",São Paulo,SP,,Fechado ⋅ Abre sex. às 11:00,4.3,38,-23.522223399999998,-46.646082899999996,quinta-feira: 11:00–15:40; sexta-feira: 11:00–15:40; sábado: 11:00–15:40; domingo: Fechado; segunda-feira: 11:00–15:40; terça-feira: 11:00–15:40; quarta-feira: 11:00–15:40
01001000,9,Restaurante Rodeio,,ChIJnariUIVZzpQRdASRqS4vMZ4,"Shopping Iguatemi, SP",São Paulo,SP,,,5,1,-23.5474385,-46.6317333,
01001000,10,Restaurante Sr. Chau - Comida Oriental,https://facebook.com/SrChau-1821084261330323/,ChIJoU6YKHpZzpQRH9FqV7-QRRo,"Rua Vergueiro, 1936 - Vila Mariana, São Paulo - SP, 04104-000",São Paulo,SP,+55 11 95040-7778,Fechado ⋅ Abre sex. às 11:00,4.6,186,-23.5792264,-46.6400742,quinta-feira: 11:00–15:00; sexta-feira: 11:00–15:00; sábado: 11:00–15:00; domingo: Fechado; segunda-feira: 11:00–15:00; terça-feira: 11:00–15:00; quarta-feira: 11:00–15:00
01001000,11,Restaurante Chinês,,ChIJrdsw52ZYzpQRSVo18c3c92c,"R. Guarani, 447 - Bom Retiro, São Paulo - SP, 01123-040",São Paulo,SP,,,,,-23.5276566,-46.638049699999996,
01001000,12,안골 숯불갈비 ANGOR Restaurante (korean barbeque),https://instagram.com/angor_restaurante?igshid=YmMyMTA2M2Y,ChIJzyGt9GBYzpQRTrGlOoidn7o,"R. Amazonas, 199 - Bom Retiro, São Paulo - SP, 01123-030",São Paulo,SP,+55 11 96601-1266,Fechado ⋅ Abre sex. às 17:00,4.3,387,-23.5279839,-46.6346086,quinta-feira: 17:00–21:30; sexta-feira: 17:00–21:30; sábado: 12:00–21:30; domingo: 12:00–21:30; segunda-feira: 17:00–21:30; terça-feira: 17:00–21:30; quarta-feira: Fechado
01001000,13,Five Restaurante,,ChIJCbhAzoNZzpQRYriv-Y9IJ7Q,"R. Machado de Assis, 328 - Vila Mariana, São Paulo - SP, 04106-000",São Paulo,SP,+55 11 5579-3502,Fechado ⋅ Abre sex. às 11:30,4.5,218,-23.5810133,-46.6347728,quinta-feira: 11:30–15:00; sexta-feira: 11:30–15:00; sábado: Fechado; domingo: Fechado; segunda-feira: 11:30–15:00; terça-feira: 11:30–15:00; quarta-feira: 11:30–15:00
01001000,4,Esquina Da Vila Restaurante,,ChIJWxJseoRZzpQRm8OxOnj0-Bs,"R. Dr. José de Queirós Aranha, 125 - Vila Mariana, São Paulo - SP, 04106-060",São Paulo,SP,+55 11 5084-8019,Fechado ⋅ Abre sex. às 12:00,4.6,503,-23.580537399999997,-46.6372399,quinta-feira: 12:00–15:00; sexta-feira: 12:00–15:00; sábado: 12:00–15:00; domingo: Fechado; segunda-feira: 12:00–15:00; terça-feira: 12:00–15:00; quarta-feira: 12:00–15:00
01001000,15,AC Consultoria e Gestão de Restaurante,,ChIJyRcgiTpZzpQRMEX7M3XslDw,"Rua 000, 00 - Mooca, São Paulo - SP, 03169-040",São Paulo,SP,,,,,-23.5524953,-46.596472,
01001000,16,Lavi's Restaurante e Bar,,ChIJ11sL9KlZzpQRg2envNXhqeI,"R. Líbero Badaró, 496 - 1 Andar - Centro Histórico de São Paulo, São Paulo - SP, 01010-001",São Paulo,SP,,,4.7,3,-23.5454766,-46.6355407,
01001000,17,Nattu Restaurante,https://natturestaurante.com.br/,ChIJAwVoPtVZzpQRGEwUJa_48oM,"Alameda Lorena, 1969 - Cerqueira César, São Paulo - SP, 01416-002",São Paulo,SP,+55 11 3062-2846,Fechado ⋅ Abre sex. à 00:00,4.1,599,-23.5612124,-46.6690555,quinta-feira: 12:00–16:00; quinta-feira: 18:00–22:00; sexta-feira: 00:00–16:00; sexta-feira: 18:00–22:00; sábado: 12:00–22:00; domingo: 12:00–21:00; segunda-feira: 12:00–16:00; segunda-feira: 18:00–22:00; terça-feira: 12:00–16:00; terça-feira: 18:00–22:00; quarta-feira: 12:00–16:00; quarta-feira: 18:00–22:00
01001000,18,Restaurante,,ChIJpyOraCr3zpQRtjSDrUPu2J0,"Av. Thomas Edison, 702 - Parque Industrial Tomas Edson, São Paulo - SP, 01140-001",São Paulo,SP,,,,,-23.5189304,-46.6688537,
01001000,19,Hotel e Restaurante Estudantil,,ChIJZ8GgGKFZzpQR1IzKZ5acZm8,"Rua Tamandaré, 553 - Aclimação, São Paulo - SP, 01525-001",São Paulo,SP,,,3.9,19,-23.5637699,-46.6346482,
01001000,2,Mikuy Wasi Restaurante Peruano,,ChIJNRhBwfBZzpQRsMKpKlojO2g,"R. São Caetano, 959 - Primero Andar - Brás, São Paulo - SP, 01104-001",São Paulo,SP,+55 11 96078-4602,Fechado ⋅ Abre sex. às 06:00,5,3,-23.535583799999998,-46.6237571,quinta-feira: 06:00–15:00; sexta-feira: 06:00–15:00; sábado: 06:00–15:00; domingo: Fechado; segunda-feira: 06:00–15:00; terça-feira: 06:00–15:00; quarta-feira: 06:00–15:00
01001000,20,GDM THAI - Culinária Tailândesa,https://www.ifood.com.br/delivery/sao-paulo-sp/gdm-thai-paraiso?promoCode=26889831&dishCode=26889831&,ChIJvecn571ZzpQRI5F2mJe0ySc,"R. Abílio Soares, 1347 - Paraíso, São Paulo - SP, 04005-002",São Paulo,SP,+55 11 5084-5378,Fechado ⋅ Abre sex. às 12:00,4.6,90,-23.579003999999998,-46.6534226,quinta-feira: 12:00–15:30; quinta-feira: 18:00–21:30; sexta-feira: 12:00–15:30; sexta-feira: 18:00–21:30; sábado: 12:00–15:30; sábado: 18:00–21:30; domingo: 12:00–15:30; segunda-feira: Fechado; terça-feira: 12:00–15:30; terça-feira: 18:00–21:30; quarta-feira: Fechado
01001000,5,Yellow Restaurante,https://bit.ly/YellowComidaCaseira,ChIJ01_spJFZzpQRqrIza3aV6iU,"Rua Coronel Oscar Porto, 1082 - Paraíso, São Paulo - SP, 04003-005",São Paulo,SP,+55 11 5084-6823,Fechado ⋅ Abre sex. às 11:30,4.6,93,-23.5784894,-46.644816299999995,quinta-feira: 11:30–14:30; sexta-feira: 11:30–14:30; sábado: Fechado; domingo: Fechado; segunda-feira: 11:30–14:30; terça-feira: 11:30–14:30; quarta-feira: 11:30–14:30
01001000,14,Restaurante da Fê,https://restaurantedafe.mistercheff.com.br/,ChIJ6eqbC0tZzpQR4wqyvoC65SQ,"Rua Marquês de Valença, 15 - Alto da Mooca, São Paulo - SP, 03182-040",São Paulo,SP,+55 11 99782-2539,Fechado ⋅ Abre sex. às 11:00,4.7,199,-23.5571582,-46.5954996,quinta-feira: 11:00–15:30; sexta-feira: 11:00–15:30; sábado: 11:00–15:30; domingo: Fechado; segunda-feira: 11:00–15:30; terça-feira: 11:00–15:30; quarta-feira: 11:00–15:30
01001000,1,Flor da Sé,,ChIJkbwScEJZzpQRtVQueYJR0Qk,"Praça da Sé - Sé, São Paulo - SP, 01001-000",São Paulo,SP,+55 11 98234-3913,Fechado ⋅ Abre sex. às 06:00,5,2,-23.5489447,-46.6329578,quinta-feira: 06:00–22:00; sexta-feira: 06:00–22:00; sábado: 06:00–22:00; domingo: Fechado; segunda-feira: 06:00–22:00; terça-feira: 06:00–22:00; quarta-feira: 06:00–22:00
01001000,2,Restaurante São Paulo Express,,ChIJicTSNihazpQRFuUy2Fp4VUA,"R. Humberto I, 1070 - Vila Mariana, São Paulo - SP, 04018-033",São Paulo,SP,,Fechado ⋅ Abre sex. às 11:00,4.1,36,-23.5890578,-46.6396744,quinta-feira: 11:00–15:00; sexta-feira: 11:00–15:00; sábado: 11:00–15:00; domingo: Fechado; segunda-feira: 11:00–15:00; terça-feira: 11:00–15:00; quarta-feira: 11:00–15:00
01001000,5,"AL MIMAS RESTAURANTE, BAR E CAFE",,ChIJ-eSC2MdXzpQRHgfIZk19M34,"R. Fradique Coutinho, 817 - Vila Madalena, São Paulo - SP, 05416-011",São Paulo,SP,+55 11 3819-0332,Fechado ⋅ Abre sex. às 11:15,5,702,-23.5601415,-46.6888955,quinta-feira: 11:15–15:15; sexta-feira: 11:15–15:15; sábado: 11:15–16:00; domingo: 11:15–16:00; segunda-feira: Fechado; terça-feira: 11:15–15:15; quarta-feira: 11:15–15:15
01001000,6,restaurante,,ChIJK5nEq45ZzpQRVx4odBd7CUI,"R. Chuí, 138 - Vila Mariana, São Paulo - SP, 04104-051",São Paulo,SP,,,,,-23.575681,-46.637730999999995,
01001000,3,Restaurante Colina,http://www.ifood.com.br/,ChIJ6YGsBY5ZzpQRGqLR6f0Bn_A,"R. Conceição Veloso, 133 - Vila Mariana, São Paulo - SP, 04110-120",São Paulo,SP,,Fechado ⋅ Abre sex. às 09:30,1.7,20,-23.5845958,-46.634727899999994,quinta-feira: 09:30–15:15; quinta-feira: 20:00–22:00; sexta-feira: 09:30–15:15; sábado: 09:30–15:15; domingo: Fechado; segunda-feira: 09:30–15:15; terça-feira: 09:30–15:15; quarta-feira: 09:30–15:15
01001000,8,O Otto Bar e Restaurante,,ChIJjcyvMTtYzpQRvuvyZBGzXkk,"Praça Vilaboim, 49 - Consolação, São Paulo - SP, 01242-000",São Paulo,SP,,,4.1,14,-23.5445857,-46.660416,
01001000,7,Burger 47 restaurante,,ChIJT3yLSn5ZzpQR8SpKV9EtrVM,"Av. Lins de Vasconcelos, 864 - Cambuci, São Paulo - SP, 01538-000",São Paulo,SP,,,,,-23.570882599999997,-46.622569399999996,
01001000,4,Tempero Da Sula,,ChIJuUc7afdYzpQRuSTzfgfM27k,"R. São Lázaro, 88 - Centro Histórico de São Paulo, São Paulo - SP, 01103-020",São Paulo,SP,+55 11 94836-4251,,4,1,-23.5358546,-46.6284949,
01001000,9,Restaurante,,ChIJtQkp24dZzpQRZIlDyvCgn2Y,"Av. Vautier - Canindé, São Paulo - SP, 03032-000",São Paulo,SP,,,,,-23.5316755,-46.621468799999995,
01002000,2,Casa de Francisca,http://www.casadefrancisca.art.br/,ChIJ_24wa8FZzpQR2qtTCwBXdcM,"R. Quintino Bocaiúva, 22 - Sé, São Paulo - SP, 01004-010",São Paulo,SP,+55 11 3052-0547,Aberto ⋅ Fecha à 01:00,4.7,2877,-23.5487985,-46.6348493,quinta-feira: 11:30–15:00; quinta-feira: 20:00–01:00; sexta-feira: 11:30–15:00; sexta-feira: 20:00–01:00; sábado: 12:00–17:30; sábado: 20:00–01:00; domingo: 12:00–17:30; segunda-feira: Fechado; terça-feira: 11:30–15:00; terça-feira: 20:00–01:00; quarta-feira: 11:30–15:00; quarta-feira: 20:00–01:00
01002000,14,"Porto santo Restaurante , rua benjamim 167",https://www.facebook.com/SeoBenjaminCafeErestaurante/posts/679248298918410/,ChIJcWbzFKtZzpQR880lPr6JmNg,"R. Benjamin Constant, 167 - Sé, São Paulo - SP, 01005-000",São Paulo,SP,+55 11 3101-0082,Fechado ⋅ Abre sex. às 07:00,4.3,136,-23.5498886,-46.635725799999996,quinta-feira: 07:00–20:00; sexta-feira: 07:00–23:00; sábado: 11:00–16:30; domingo: Fechado; segunda-feira: 07:00–18:00; terça-feira: 07:00–20:00; quarta-feira: 07:00–20:00
01002000,15,Primeiro Mundo,https://pt-br.facebook.com/pages/Restaurante-Primeiro-Mundo/219305031429375,ChIJUSQ4FqtZzpQRQT40dBJCaJo,"R. Quintino Bocaiúva, 114 - Sé, São Paulo - SP, 01004-010",São Paulo,SP,+55 11 3104-0364,Fechado ⋅ Abre sex. às 11:30,4.2,328,-23.5496774,-46.6351241,quinta-feira: 11:30–15:40; sexta-feira: 11:30–15:40; sábado: 11:30–15:40; domingo: Fechado; segunda-feira: 11:30–15:40; terça-feira: 11:30–15:40; quarta-feira: 11:30–15:40
01002000,18,Restaurante Gostei,,ChIJ3zh40vhYzpQRokDBNte7b6k,"R. da Cantareira, 275 - Centro Histórico de São Paulo, São Paulo - SP, 01024-100",São Paulo,SP,+55 11 3227-5568,Aberto 24 horas,4.4,161,-23.5416977,-46.630281599999996,quinta-feira: Atendimento 24 horas; sexta-feira: Atendimento 24 horas; sábado: Atendimento 24 horas; domingo: 00:00–22:00; segunda-feira: Atendimento 24 horas; terça-feira: Atendimento 24 horas; quarta-feira: Atendimento 24 horas
01002000,20,Restaurante Elenice,,ChIJJQAyKklYzpQRXsxui8I30-c,"R. Rego Freitas, 388 - República, São Paulo - SP, 01220-010",São Paulo,SP,+55 11 3255-2803,Aberto ⋅ Fecha às 03:00,4.3,159,-23.5453577,-46.6467332,quinta-feira: 07:00–03:00; sexta-feira: 07:00–03:00; sábado: 07:00–03:00; domingo: 07:00–03:00; segunda-feira: 07:00–03:00; terça-feira: 07:00–03:00; quarta-feira: 07:00–03:00
01002000,4,Lanchonete e restaurante,,ChIJZRR3h8tZzpQRX_I4jDLTqfc,"R. São Nicolau - Centro Histórico de São Paulo, São Paulo - SP, 01015-030",São Paulo,SP,,,2,1,-23.548592199999998,-46.633906599999996,
01002000,7,Tomates Verdes Fritos,https://pt-br.facebook.com/rtomatesverdes/,ChIJV9FyIqtZzpQRd9iWEdJqpDI,"R. José Bonifácio, 89 - Sé, São Paulo - SP, 01003-001",São Paulo,SP,+55 11 98665-7975,Fechado ⋅ Abre sex. às 11:00,4.5,762,-23.5492383,-46.6351975,quinta-feira: 11:00–16:00; sexta-feira: 11:00–16:00; sábado: Fechado; domingo: Fechado; segunda-feira: 11:00–16:00; terça-feira: 11:00–16:00; quarta-feira: 11:00–16:00
01002000,10,Gaúcho do Bras,https://restaurantedogaucho.app.br/,ChIJbw6O2KpZzpQRnyI9_4UdJOo,"Via 16 Rua Direita, 61/65 - Centro Histórico de São Paulo, São Paulo - SP, 01002-001",São Paulo,SP,+55 11 3105-3248,Fechado ⋅ Abre sex. às 10:00,4.3,1211,-23.548915899999997,-46.634288999999995,quinta-feira: 10:00–16:00; sexta-feira: 10:00–16:00; sábado: 10:00–16:00; domingo: Fechado; segunda-feira: 10:00–16:00; terça-feira: 10:00–16:00; quarta-feira: 10:00–16:00
01002000,4,Restaurante do Meio,,ChIJW1LkNkdYzpQRT-EjOmbXgII,"Largo Santa Cecília, 77 - Santa Cecilia, São Paulo - SP, 01225-010",São Paulo,SP,+55 11 3225-9751,Aberto ⋅ Fecha à 00:00,4.2,217,-23.5396701,-46.6497831,quinta-feira: 08:00–00:00; sexta-feira: 08:00–00:00; sábado: 08:00–00:00; domingo: 08:00–00:00; segunda-feira: 08:00–00:00; terça-feira: 08:00–00:00; quarta-feira: 08:00–00:00
01002000,6,Restaurante Aroma e Sabor (São Bento),https://restaurantearomasabor.com.br/,ChIJfUemylVYzpQRE9-S84gPgWk,"1, R. São Bento, 545 - Centro Histórico de São Paulo, São Paulo - SP, 01011-100",São Paulo,SP,+55 11 3106-4470,Fechado ⋅ Abre sex. às 11:00,4.5,1055,-23.544556999999998,-46.634561,quinta-feira: 11:00–15:00; sexta-feira: 11:00–15:00; sábado: Fechado; domingo: Fechado; segunda-feira: 11:00–15:00; terça-feira: 11:00–15:00; quarta-feira: 11:00–15:00
01002000,10,Restaurante Gourmet Grill,,ChIJe5nXJbNZzpQRCsE2fDEGfDw,"R. Quinze de Novembro, 317 - Centro Histórico de São Paulo, São Paulo - SP, 01013-000",São Paulo,SP,+55 11 3241-5586,Fechado ⋅ Abre sex. às 11:00,4.5,291,-23.546182899999998,-46.6345203,quinta-feira: 11:00–16:00; sexta-feira: 11:00–16:00; sábado: Fechado; domingo: Fechado; segunda-feira: 11:00–16:00; terça-feira: 11:00–16:00; quarta-feira: 11:00–16:00
01002000,11,Restaurante da Cuca,,ChIJq9ukJ6RZzpQRaysBdwigZUM,"R São Joaquim, 191 - Liberdade, São Paulo - SP, 01508-001",São Paulo,SP,+55 11 3208-4045,Fecha em breve ⋅ 22:30 ⋅ Abre sex. às 05:30,4.1,21,-23.561638,-46.636848099999995,quinta-feira: 05:30–22:30; sexta-feira: 05:30–22:30; sábado: Atendimento 24 horas; domingo: 05:30–22:30; segunda-feira: 05:30–22:30; terça-feira: 05:30–22:30; quarta-feira: 05:30–22:30
01002000,4,Restaurante Casa Feliz,,ChIJaSuAWTlZzpQRc3pfRHhyWiU,"Praça Carlos Gomes, 186 - Centro Histórico de São Paulo, São Paulo - SP, 01501-040",São Paulo,SP,,,4,61,-23.554286599999998,-46.6357727,
01002000,7,For Quality Restaurante,https://for-quality-restaurante.negocio.site/?utm_source=gmb&utm_medium=referral,ChIJAdCwlF1ZzpQRP8CKiMSkyuI,"R. Quinze de Novembro, 317 - 2 Andar - Loja 01 - Centro Histórico de São Paulo, São Paulo - SP, 01013-001",São Paulo,SP,+55 11 95443-3777,Fechado ⋅ Abre sex. às 08:00,4.8,9,-23.546182899999998,-46.6345203,quinta-feira: 08:00–15:00; sexta-feira: 08:00–15:00; sábado: Fechado; domingo: Fechado; segunda-feira: 08:00–15:00; terça-feira: 08:00–15:00; quarta-feira: 08:00–15:00
01002000,9,Kyodai Restaurante,,ChIJp2NBGlVYzpQR7Yl57vsRNMg,"R. Três de Dezembro, 43 - andar 2 - Centro Histórico de São Paulo, São Paulo - SP, 01014-020",São Paulo,SP,+55 11 99159-9455,Fechado ⋅ Abre sex. às 11:00,4.4,104,-23.5463535,-46.633806,quinta-feira: 11:00–15:00; sexta-feira: 11:00–15:00; sábado: Fechado; domingo: Fechado; segunda-feira: 11:00–15:00; terça-feira: 11:00–15:00; quarta-feira: 11:00–15:00
01002000,12,"Central Restaurante, Bar e Salgaderia",,ChIJeX1ndv1ZzpQRwgJrQiOFMIg,"R. São Bento, 506 - Centro Histórico de São Paulo, São Paulo - SP, 01010-001",São Paulo,SP,+55 11 3241-4009,Fechado ⋅ Abre sex. às 07:00,4.6,51,-23.5449484,-46.6344326,quinta-feira: 07:00–19:00; sexta-feira: 07:00–23:00; sábado: 08:00–16:00; domingo: Fechado; segunda-feira: 07:00–19:00; terça-feira: 07:00–19:00; quarta-feira: 07:00–19:00
01002000,15,J Centro Bar e Restaurante,,ChIJuZOJ60W-uZQRL6pHMpG_BxQ,"Praça Antônio Prado, 33 - Centro Histórico de São Paulo, São Paulo - SP, 08471-090",São Paulo,SP,+55 11 3107-0123,Fechado ⋅ Abre sex. às 12:00,4,1,-23.5457343,-46.634724,quinta-feira: 12:00–22:00; sexta-feira: 12:00–22:00; sábado: 12:00–19:00; domingo: 12:00–18:00; segunda-feira: 12:00–22:00; terça-feira: 12:00–22:00; quarta-feira: 12:00–22:00
01002000,16,Restaurante Dona Alice,,ChIJURkQcf9YzpQRNfEmhoxGyL4,"Rua Cavalheiro Basílio Jafet, 148 - Centro Histórico de São Paulo, São Paulo - SP, 01022-020",São Paulo,SP,+55 11 3227-8301,Fechado ⋅ Abre sex. às 07:00,4.4,597,-23.5442544,-46.631168599999995,quinta-feira: 07:00–17:30; sexta-feira: 07:00–17:30; sábado: 07:00–17:30; domingo: Fechado; segunda-feira: 07:00–17:30; terça-feira: 07:00–17:30; quarta-feira: 07:00–15:30
01002000,17,Kilu's Grill - Bovinu'S,,ChIJU4b7UqtZzpQRTGccgq_JJWQ,"R. José Bonifácio, 176 - Sé, São Paulo - SP, 01003-010",São Paulo,SP,+55 11 3242-2563,Fechado ⋅ Abre sex. às 11:00,4.3,675,-23.5489051,-46.6361391,quinta-feira: 11:00–16:00; sexta-feira: 11:00–16:00; sábado: Fechado; domingo: Fechado; segunda-feira: 11:00–16:00; terça-feira: 11:00–16:00; quarta-feira: 11:00–16:00
01002000,18,Restaurante Sede AFPESP,https://www.afpesp.org.br/sede-social/restaurante,ChIJUa4rcgBZzpQRRzFmgO776Eg,"R. Dr. Bitencourt Rodrigues, 155 - Sé, São Paulo - SP, 01017-010",São Paulo,SP,+55 11 2391-9393,,4.8,13,-23.5486108,-46.631581499999996,
01002000,2,Restaurante Rosa do Líbano,https://www.facebook.com/restauranterosadolibano/,ChIJ7bk0wlpYzpQRMV_o1-keaBE,"Av. São João, 292 - Centro Histórico de São Paulo, São Paulo - SP, 01036-000",São Paulo,SP,+55 11 3331-0339,Fechado ⋅ Abre sex. às 10:00,4.5,2372,-23.5439229,-46.6371827,quinta-feira: 10:00–20:00; sexta-feira: 10:00–20:00; sábado: 10:00–20:00; domingo: Fechado; segunda-feira: 10:00–20:00; terça-feira: 10:00–20:00; quarta-feira: 10:00–20:00
01002000,10,"Camarada Camarão Shopping Cidade São Paulo: Camarões, Peixes, Happy Hour, Restaurante, São Paulo SP",https://www.ocamarada.com.br/,ChIJlYzOp9lZzpQRsgQfSrC7_60,"Av. Paulista, 1230 - Bela Vista, São Paulo - SP, 01310-100",São Paulo,SP,+55 11 93409-7784,Fecha em breve ⋅ 23:00 ⋅ Abre sex. às 12:00,4.5,954,-23.563522,-46.652687199999995,quinta-feira: 12:00–15:00; quinta-feira: 17:00–23:00; sexta-feira: 12:00–22:00; sábado: 12:00–22:00; domingo: 12:00–22:00; segunda-feira: 12:00–15:00; segunda-feira: 17:00–23:00; terça-feira: 12:00–15:00; terça-feira: 17:00–23:00; quarta-feira: 12:00–15:00; quarta-feira: 17:00–23:00
01002000,11,Restaurante Mestiço,http://www.mestico.com.br/,ChIJVXVFNjJYzpQRqyWHMYK1C18,"R. Fernando de Albuquerque, 277 - Consolação, São Paulo - SP, 01309-030",São Paulo,SP,+55 11 3256-3165,Aberto ⋅ Fecha à 00:00,4.6,3013,-23.5532048,-46.658842899999996,quinta-feira: 12:00–00:00; sexta-feira: 12:00–01:00; sábado: 12:00–01:00; domingo: 12:00–23:00; segunda-feira: 12:00–23:00; terça-feira: 12:00–00:00; quarta-feira: 12:00–00:00
01002000,17,Cadi Bar e Restaurante,,ChIJI2AJLwFZzpQR-mWsuFHZ-a4,"R. Frederico Alvarenga, 168 - Centro Histórico de São Paulo, São Paulo - SP, 01020-040",São Paulo,SP,+55 11 3104-8502,Fechado ⋅ Abre sex. às 06:00,4.5,362,-23.5506079,-46.6290555,quinta-feira: 06:00–22:00; sexta-feira: 06:00–22:00; sábado: 06:00–22:00; domingo: Fechado; segunda-feira: 06:00–22:00; terça-feira: 06:00–22:00; quarta-feira: 06:00–22:00
01002000,20,Restaurante Flor de Maracujá,http://www.facebook.com/restauranteflordemaracuja/,ChIJEwe__jhYzpQRk6enqJefESg,"R. Martinico Prado, 212 - Vila Buarque, São Paulo - SP, 01224-010",São Paulo,SP,+55 11 3223-7368,Fechado ⋅ Abre sex. às 11:00,4.5,540,-23.5424889,-46.6533468,quinta-feira: 11:00–15:00; sexta-feira: 11:00–15:00; sábado: 11:30–16:00; domingo: 11:30–16:00; segunda-feira: 11:00–15:00; terça-feira: 11:00–15:00; quarta-feira: 11:00–15:00
01002000,1,Priceless Mastercard - NOTIÊ Restaurante e ABARU Bar,http://www.espacopriceless.com.br/,ChIJz8jGygdZzpQR3vfmGzB7zJU,"Shopping Light - Acesso pelo estacionamento - R. Formosa, 157 - Centro Histórico de São Paulo, São Paulo - SP, 01049-000",São Paulo,SP,+55 11 2853-0373,Fecha em breve ⋅ 23:00 ⋅ Abre sex. às 12:00,4.6,1435,-23.546518499999998,-46.6384635,quinta-feira: 12:00–15:30; quinta-feira: 18:00–23:00; sexta-feira: 12:00–00:00; sábado: 12:00–00:00; domingo: 12:00–18:00; segunda-feira: 12:00–15:30; terça-feira: 12:00–15:30; terça-feira: 18:00–23:00; quarta-feira: 12:00–15:30; quarta-feira: 18:00–23:00
01002000,7,Cora Restaurante,http://www.instagram.com/cora.sp,ChIJpb7JJZBZzpQRQrHP-vOYNco,"R. Amaral Gurgel, 344 - 6ºandar - Vila Buarque, São Paulo - SP, 01221-000",São Paulo,SP,+55 11 3231-4561,Fecha em breve ⋅ 23:00 ⋅ Abre sex. às 12:00,4.5,447,-23.544863499999998,-46.648004,quinta-feira: 12:00–15:00; quinta-feira: 19:00–23:00; sexta-feira: 12:00–15:00; sexta-feira: 19:00–23:00; sábado: 12:00–16:00; sábado: 19:00–23:00; domingo: 12:00–17:00; segunda-feira: Fechado; terça-feira: 19:00–23:00; quarta-feira: 19:00–23:00
01002000,8,Kaled Restaurante Árabe,https://kaled.negocio.site/,ChIJ-0tiOaxZzpQRqnzFOlmclho,"Av. Brigadeiro Luís Antônio, 344 - Bela Vista, São Paulo - SP, 01318-000",São Paulo,SP,+55 11 3104-7278,Fechado ⋅ Abre sex. às 09:00,4.4,367,-23.55339,-46.638394899999994,quinta-feira: 09:00–19:30; sexta-feira: 09:00–19:30; sábado: 11:00–16:00; domingo: Fechado; segunda-feira: 09:00–19:00; terça-feira: 09:00–19:00; quarta-feira: 09:00–19:30
01002000,9,Tanka Restaurante,http://www.tankarestaurante.com.br/,ChIJL7T4G6lZzpQR1pzauoGi1gI,"Kyoto Hotel - Praça da Liberdade, 149 - Liberdade, São Paulo - SP, 01503-010",São Paulo,SP,+55 11 3272-8978,Fechado ⋅ Abre sex. às 11:30,4.7,6864,-23.555263999999998,-46.635163,quinta-feira: 11:30–15:00; quinta-feira: 18:00–22:00; sexta-feira: 11:30–15:30; sexta-feira: 18:00–22:30; sábado: 11:30–15:30; sábado: 18:00–22:30; domingo: 11:30–15:30; domingo: 18:00–22:00; segunda-feira: Fechado; terça-feira: 11:30–15:00; terça-feira: 18:00–22:00; quarta-feira: 11:30–15:00; quarta-feira: 18:00–22:00
01002000,1,espetinhosDeliciosos,,ChIJNwoyJjNZzpQRoGrTKgBhr8A,"R. Maj. Diogo, 604 - Bela Vista, São Paulo - SP, 01324-000",São Paulo,SP,+55 11 95199-1417,Aberto ⋅ Fecha às 23:30,,,-23.556582,-46.6431739,quinta-feira: 18:30–23:30; sexta-feira: 18:00–23:30; sábado: 18:30–23:00; domingo: Fechado; segunda-feira: 20:00–23:30; terça-feira: 18:00–23:30; quarta-feira: 18:00–23:30
01002000,4,Restaurante Brilho do Sol,,ChIJL4QNvRVZzpQRMU05hM4qlhk,"República, São Paulo - SP, 01036-000",São Paulo,SP,,Fechado ⋅ Abre sex. às 06:00,5,2,-23.5429037,-46.639018799999995,quinta-feira: 06:00–22:00; sexta-feira: 06:00–22:00; sábado: 06:00–22:00; domingo: 06:00–22:00; segunda-feira: 06:00–22:00; terça-feira: 06:00–22:00; quarta-feira: 06:00–22:00
01002000,14,Restaurante Recanto do Sabor,,ChIJObKidplZzpQRko75Si8NNGs,"Rua Dom Francisco de Sousa, 101 - Centro Histórico de São Paulo, São Paulo - SP, 01031-010",São Paulo,SP,+55 11 98393-8388,Fechado ⋅ Abre sex. às 11:00,,,-23.540493599999998,-46.634515099999994,quinta-feira: 11:00–15:30; sexta-feira: 11:00–15:30; sábado: Fechado; domingo: Fechado; segunda-feira: 11:00–15:30; terça-feira: 11:00–15:30; quarta-feira: 11:00–15:30
01002000,13,Centro Bar,,ChIJ6fYqJ-tZzpQRAR4rPOwuDp0,"R. Conselheiro Nébias, 34 - Campos Elíseos, São Paulo - SP, 01203-000",São Paulo,SP,,,5,1,-23.541722,-46.640791,
01002000,16,Restaurante Mais Sabor Republica,,ChIJOdE6BUVYzpQREkweYbRbU7k,"Shopping Moto e Aventura - Alameda Barão de Limeira, 71 - 2° Andar - República, São Paulo - SP, 01202-002",São Paulo,SP,+55 11 96791-7851,Fechado ⋅ Abre sex. às 11:00,4.5,93,-23.5398602,-46.6434237,quinta-feira: 11:00–15:30; sexta-feira: 11:00–15:30; sábado: Fechado; domingo: Fechado; segunda-feira: 11:00–15:30; terça-feira: 11:00–15:30; quarta-feira: 11:00–15:30
01002000,5,JV RESTAURANTE,,ChIJL0ib_VtYzpQRj1n4F0cqXII,"R. Mauá, 324 - Centro Histórico de São Paulo, São Paulo - SP, 01028-000",São Paulo,SP,,,,,-23.5351267,-46.6367805,
01002000,5,Virgulino Restaurante,,ChIJp7Tpto5ZzpQRx9HabpnQuPE,"R. Martim Francisco, 111 - Santa Cecilia, São Paulo - SP, 01226-001",São Paulo,SP,+55 11 3637-3332,Fechado ⋅ Abre sex. às 12:00,4.8,96,-23.5384614,-46.6514443,quinta-feira: 12:00–15:00; quinta-feira: 19:00–22:00; sexta-feira: 12:00–15:00; sexta-feira: 19:00–22:00; sábado: 12:00–22:00; domingo: 12:00–22:00; segunda-feira: Fechado; terça-feira: 12:00–15:00; terça-feira: 19:00–22:00; quarta-feira: 12:00–15:00; quarta-feira: 19:00–22:00
01002000,3,Restaurante Recanto Dourado,,ChIJt3doUfxZzpQRYpfJHWuFu3Q,"R. dos Andradas, 237 Bairro - Santa Ifigênia, São Paulo - SP, 01208-001",São Paulo,SP,+55 11 3337-0485,Fechado ⋅ Abre sex. às 10:00,2.7,10,-23.5381969,-46.6383959,quinta-feira: 10:00–16:00; sexta-feira: 10:00–16:00; sábado: Fechado; domingo: Fechado; segunda-feira: 10:00–16:00; terça-feira: 10:00–16:00; quarta-feira: 10:00–16:00
01002000,6,Santa Rosa do Brás,,ChIJFy1fVc1ZzpQRDA_jtqVtKg4,"R. da Alfândega, 317 - Brás, São Paulo - SP, 03006-030",São Paulo,SP,+55 11 3227-2499,Fechado ⋅ Abre sex. às 11:00,4.6,310,-23.5417341,-46.624432299999995,quinta-feira: 11:00–15:00; sexta-feira: 11:00–15:00; sábado: Fechado; domingo: Fechado; segunda-feira: 11:00–15:00; terça-feira: 11:00–15:00; quarta-feira: 11:00–15:00
01002000,7,Catarina Restaurante,,ChIJT43pUOBYzpQR6GvvZyQtcbg,"R. Xavantes, 129 - Brás, São Paulo - SP, 03027-000",São Paulo,SP,,Fechado ⋅ Abre sex. às 11:00,4,61,-23.5397939,-46.616495699999994,quinta-feira: 11:00–15:30; sexta-feira: 11:00–15:30; sábado: 11:00–15:30; domingo: Fechado; segunda-feira: 11:00–15:30; terça-feira: 11:00–15:30; quarta-feira: 11:00–15:30
01002000,8,Restaurante Flor da Lins,,ChIJc4nh7m1ZzpQR95B6crhNBZI,"Av. Lins de Vasconcelos, 399 - Cambuci, São Paulo - SP, 01537-000",São Paulo,SP,+55 11 3207-2431,Fecha em breve ⋅ 23:00 ⋅ Abre sex. às 06:00,4.1,982,-23.566790899999997,-46.621378299999996,quinta-feira: 06:00–23:00; sexta-feira: 06:00–23:00; sábado: 06:00–23:00; domingo: Fechado; segunda-feira: 06:00–23:00; terça-feira: 06:00–23:00; quarta-feira: 06:00–23:00
01002000,10,Lanchonete & Restaurante Rios,,ChIJQckLgXxZzpQRnCEsNme-kAE,"R. Rego Freitas, 282 - República, São Paulo - SP, 01220-010",São Paulo,SP,+55 11 99271-4944,Fechado ⋅ Abre sex. às 06:00,5,12,-23.5443054,-46.646756499999995,quinta-feira: 06:00–22:00; sexta-feira: 06:00–22:00; sábado: 06:00–22:00; domingo: 06:00–22:00; segunda-feira: 06:00–22:00; terça-feira: 06:00–22:00; quarta-feira: 06:00–22:00
01002000,11,中国餐馆和超市,,ChIJ1_dt4DZZzpQRx33JeAJa7YQ,"Av. da Liberdade - Liberdade, São Paulo - SP, 01503-000",São Paulo,SP,,,,,-23.554179899999998,-46.634824699999996,
01002000,14,Kim's Bap Café e Restaurante,https://www.instagram.com/kimsbap.food/,ChIJ0bq1lERZzpQRklYezfECWAI,"Av. Brigadeiro Luís Antônio, 359 - Bela Vista, São Paulo - SP, 01317-000",São Paulo,SP,+55 11 3242-4261,Fechado ⋅ Abre sex. às 07:30,4.9,29,-23.5535911,-46.6382282,quinta-feira: 07:30–17:00; sexta-feira: 07:30–17:00; sábado: 09:00–17:00; domingo: Fechado; segunda-feira: 07:30–17:00; terça-feira: 07:30–17:00; quarta-feira: 07:30–17:00
01002000,15,Bar e Restaurante Dinas Grill,,ChIJ_e6BJGhZzpQRbsOOLnOeNds,"R. Paim, 235 - 21 - Bela Vista, São Paulo - SP, 01306-010",São Paulo,SP,+55 11 3214-4141,Fechado ⋅ Abre sex. às 10:00,5,5,-23.5542901,-46.650336499999995,quinta-feira: 10:00–22:00; sexta-feira: 10:00–22:00; sábado: 10:00–22:00; domingo: 10:00–22:00; segunda-feira: 10:00–22:00; terça-feira: 10:00–22:00; quarta-feira: 10:00–22:00
01002000,17,Empório São Francisco Restaurante Bela Vista,,ChIJ47pNukJZzpQR6dorbIni3u8,"R. Santo Antônio, 530 - Bela Vista, São Paulo - SP, 01314-000",São Paulo,SP,+55 11 3242-4880,Fechado ⋅ Abre sex. às 07:00,5,4,-23.5511068,-46.6435901,quinta-feira: 07:00–22:00; sexta-feira: 07:00–22:00; sábado: 07:00–22:00; domingo: Fechado; segunda-feira: 07:00–22:00; terça-feira: 07:00–22:00; quarta-feira: 07:00–22:00
01002000,18,Restaurante luz Paulistana,http://luz-paulistana.negocio.site/,ChIJ55DqQ7tZzpQRcYF_n3frmiI,"R. Martiniano de Carvalho, 650 - Bela Vista, São Paulo - SP, 01321-000",São Paulo,SP,+55 11 4324-3237,Fechado ⋅ Abre sex. às 10:30,4.5,213,-23.5645415,-46.6426649,quinta-feira: 10:30–15:30; sexta-feira: 10:30–15:30; sábado: Fechado; domingo: Fechado; segunda-feira: 10:30–15:30; terça-feira: 10:30–15:30; quarta-feira: 10:30–15:30
01002000,20,Restaurante Padroeira,https://www.facebook.com/PadroeiraRestaurante/?locale=pt_BR,ChIJHWGpnrtZzpQR4phXujep940,"R. Pio XII, 274 - Liberdade, São Paulo - SP, 01322-030",São Paulo,SP,,Fechado ⋅ Abre sex. às 11:15,4.4,886,-23.5651206,-46.6431551,quinta-feira: 11:15–15:00; sexta-feira: 11:15–15:00; sábado: 11:15–15:00; domingo: Fechado; segunda-feira: 11:15–15:00; terça-feira: 11:15–15:00; quarta-feira: 11:15–15:00
01002000,12,Delmar Restaurante,,ChIJ4Q55FVpYzpQRP8HYG3Ceg4o,"R. dos Andradas, 161 - Centro Histórico de São Paulo, São Paulo - SP, 01208-000",São Paulo,SP,+55 11 3222-8600,Fechado ⋅ Abre sex. às 11:00,4.3,386,-23.538731199999997,-46.637766,quinta-feira: 11:00–20:00; sexta-feira: 11:00–22:00; sábado: 11:00–17:00; domingo: Fechado; segunda-feira: 11:00–22:00; terça-feira: 11:00–22:00; quarta-feira: 11:00–22:00
01002000,4,Vic Ellen Restaurante,,ChIJKYwT44NZzpQRM3RxHyaY4dA,"R. Ipanema, 392 - Mooca, São Paulo - SP, 03164-200",São Paulo,SP,+55 11 98633-5217,Fechado ⋅ Abre sex. às 08:00,,,-23.548198799999998,-46.608164699999996,quinta-feira: 08:00–20:00; sexta-feira: 08:00–20:00; sábado: 08:00–16:00; domingo: Fechado; segunda-feira: 08:00–20:00; terça-feira: 08:00–20:00; quarta-feira: 08:00–20:00
01002000,9,Restaurante da Escola de Enfermagem,http://www.ee.usp.br/site/,ChIJ5UEyxMxXzpQRgmg3ryTxPm0,"Av. Dr. Enéas Carvalho de Aguiar, 419 - Jardim Paulista, São Paulo - SP, 05403-000",São Paulo,SP,+55 11 3061-7518,Fechado ⋅ Abre sex. às 11:15,5,5,-23.5565802,-46.6709885,quinta-feira: 11:15–14:15; sexta-feira: 11:15–14:15; sábado: Fechado; domingo: Fechado; segunda-feira: 11:15–14:15; terça-feira: 11:15–14:15; quarta-feira: 11:15–14:15
